record_id,caption,delivery_type
1001,"Gestational age 37 weeks. Maternal age 32, gravida 1, parity 0. Diabetes: yes. Hypertension: no. Preeclampsia: no. Premature rupture of membranes: yes. Pyrexia: no. Meconium: no. Labor induced: no. Presentation: cephalic. CTG: 1 early decelerations, 1 variable decelerations, 0 late decelerations, 0 prolonged decelerations, 1 accelerations, 24 uterine contractions.",Vaginal
1002,"Gestational age 41 weeks. Maternal age 23, gravida 1, parity 0. Diabetes: no. Hypertension: no. Preeclampsia: no. Premature rupture of membranes: no. Pyrexia: no. Meconium: yes. Labor induced: no. Presentation: breech. CTG: 0 early decelerations, 0 variable decelerations, 0 late decelerations, 0 prolonged decelerations, 1 accelerations, 33 uterine contractions.",Vaginal
1003,"Gestational age 40 weeks. Maternal age 31, gravida 1, parity 0. Diabetes: no. Hypertension: no. Preeclampsia: no. Premature rupture of membranes: yes. Pyrexia: no. Meconium: no. Labor induced: yes. Presentation: breech. CTG: 4 early decelerations, 0 variable decelerations, 0 late decelerations, 0 prolonged decelerations, 0 accelerations, 15 uterine contractions.",Vaginal
1004,"Gestational age 41 weeks. Maternal age 36, gravida 1, parity 0. Diabetes: no. Hypertension: no. Preeclampsia: no. Premature rupture of membranes: no. Pyrexia: no. Meconium: yes. Labor induced: yes. Presentation: breech. CTG: 3 early decelerations, 4 variable decelerations, 1 late decelerations, 0 prolonged decelerations, 1 accelerations, 21 uterine contractions.",Vaginal
1005,"Gestational age 41 weeks. Maternal age 28, gravida 1, parity 0. Diabetes: no. Hypertension: no. Preeclampsia: no. Premature rupture of membranes: no. Pyrexia: no. Meconium: no. Labor induced: yes. Presentation: breech. CTG: 0 early decelerations, 5 variable decelerations, 1 late decelerations, 0 prolonged decelerations, 1 accelerations, 11 uterine contractions.",Vaginal
1006,"Gestational age 38 weeks. Maternal age 25, gravida 1, parity 0. Diabetes: no. Hypertension: no. Preeclampsia: no. Premature rupture of membranes: no. Pyrexia: no. Meconium: no. Labor induced: yes. Presentation: breech. CTG: 0 early decelerations, 2 variable decelerations, 0 late decelerations, 0 prolonged decelerations, 4 accelerations, 0 uterine contractions.",Vaginal
1007,"Gestational age 41 weeks. Maternal age 28, gravida 1, parity 0. Diabetes: no. Hypertension: no. Preeclampsia: no. Premature rupture of membranes: no. Pyrexia: no. Meconium: yes. Labor induced: no. Presentation: breech. CTG: 1 early decelerations, 1 variable decelerations, 0 late decelerations, 1 prolonged decelerations, 0 accelerations, 11 uterine contractions.",Vaginal
1008,"Gestational age 39 weeks. Maternal age 26, gravida 3, parity 0. Diabetes: no. Hypertension: no. Preeclampsia: no. Premature rupture of membranes: yes. Pyrexia: no. Meconium: no. Labor induced: yes. Presentation: breech. CTG: 0 early decelerations, 13 variable decelerations, 0 late decelerations, 0 prolonged decelerations, 3 accelerations, 6 uterine contractions.",Vaginal
1009,"Gestational age 39 weeks. Maternal age 23, gravida 1, parity 0. Diabetes: no. Hypertension: no. Preeclampsia: no. Premature rupture of membranes: no. Pyrexia: no. Meconium: no. Labor induced: yes. Presentation: breech. CTG: 0 early decelerations, 0 variable decelerations, 0 late decelerations, 0 prolonged decelerations, 0 accelerations, 0 uterine contractions.",Vaginal
1010,"Gestational age 38 weeks. Maternal age 28, gravida 1, parity 0. Diabetes: no. Hypertension: no. Preeclampsia: yes. Premature rupture of membranes: no. Pyrexia: no. Meconium: no. Labor induced: yes. Presentation: breech. CTG: 0 early decelerations, 1 variable decelerations, 0 late decelerations, 0 prolonged decelerations, 0 accelerations, 0 uterine contractions.",Vaginal
1011,"Gestational age 38 weeks. Maternal age 31, gravida 1, parity 0. Diabetes: no. Hypertension: no. Preeclampsia: no. Premature rupture of membranes: no. Pyrexia: no. Meconium: no. Labor induced: no. Presentation: breech. CTG: 3 early decelerations, 13 variable decelerations, 0 late decelerations, 0 prolonged decelerations, 4 accelerations, 3 uterine contractions.",Vaginal
1012,"Gestational age 41 weeks. Maternal age 31, gravida 1, parity 1. Diabetes: no. Hypertension: no. Preeclampsia: no. Premature rupture of membranes: no. Pyrexia: no. Meconium: no. Labor induced: no. Presentation: breech. CTG: 4 early decelerations, 0 variable decelerations, 0 late decelerations, 0 prolonged decelerations, 0 accelerations, 14 uterine contractions.",Vaginal
1013,"Gestational age 40 weeks. Maternal age 22, gravida 1, parity 0. Diabetes: no. Hypertension: no. Preeclampsia: no. Premature rupture of membranes: yes. Pyrexia: no. Meconium: no. Labor induced: no. Presentation: breech. CTG: 0 early decelerations, 0 variable decelerations, 0 late decelerations, 0 prolonged decelerations, 2 accelerations, 0 uterine contractions.",Vaginal
1014,"Gestational age 42 weeks. Maternal age 25, gravida 1, parity 0. Diabetes: no. Hypertension: no. Preeclampsia: no. Premature rupture of membranes: no. Pyrexia: no. Meconium: no. Labor induced: no. Presentation: breech. CTG: 10 early decelerations, 0 variable decelerations, 0 late decelerations, 0 prolonged decelerations, 0 accelerations, 29 uterine contractions.",Vaginal
1015,"Gestational age 41 weeks. Maternal age 35, gravida 1, parity 0. Diabetes: no. Hypertension: no. Preeclampsia: no. Premature rupture of membranes: no. Pyrexia: no. Meconium: no. Labor induced: no. Presentation: breech. CTG: 3 early decelerations, 0 variable decelerations, 1 late decelerations, 0 prolonged decelerations, 2 accelerations, 14 uterine contractions.",Vaginal
1016,"Gestational age 40 weeks. Maternal age 31, gravida 2, parity 1. Diabetes: no. Hypertension: no. Preeclampsia: no. Premature rupture of membranes: no. Pyrexia: no. Meconium: no. Labor induced: no. Presentation: breech. CTG: 1 early decelerations, 6 variable decelerations, 0 late decelerations, 0 prolonged decelerations, 3 accelerations, 5 uterine contractions.",Vaginal
1017,"Gestational age 41 weeks. Maternal age 28, gravida 1, parity 0. Diabetes: no. Hypertension: no. Preeclampsia: no. Premature rupture of membranes: no. Pyrexia: no. Meconium: no. Labor induced: no. Presentation: breech. CTG: 4 early decelerations, 1 variable decelerations, 2 late decelerations, 0 prolonged decelerations, 2 accelerations, 25 uterine contractions.",Vaginal
1018,"Gestational age 39 weeks. Maternal age 46, gravida 1, parity 1. Diabetes: no. Hypertension: no. Preeclampsia: no. Premature rupture of membranes: no. Pyrexia: no. Meconium: no. Labor induced: yes. Presentation: breech. CTG: 0 early decelerations, 0 variable decelerations, 0 late decelerations, 0 prolonged decelerations, 0 accelerations, 23 uterine contractions.",Vaginal
1019,"Gestational age 41 weeks. Maternal age 24, gravida 1, parity 0. Diabetes: no. Hypertension: no. Preeclampsia: no. Premature rupture of membranes: no. Pyrexia: no. Meconium: no. Labor induced: yes. Presentation: breech. CTG: 0 early decelerations, 4 variable decelerations, 0 late decelerations, 0 prolonged decelerations, 1 accelerations, 11 uterine contractions.",Vaginal
1020,"Gestational age 41 weeks. Maternal age 29, gravida 8, parity 2. Diabetes: no. Hypertension: no. Preeclampsia: no. Premature rupture of membranes: yes. Pyrexia: no. Meconium: yes. Labor induced: no. Presentation: breech. CTG: 4 early decelerations, 1 variable decelerations, 2 late decelerations, 0 prolonged decelerations, 0 accelerations, 16 uterine contractions.",Vaginal
1021,"Gestational age 37 weeks. Maternal age 28, gravida 1, parity 0. Diabetes: no. Hypertension: no. Preeclampsia: yes. Premature rupture of membranes: no. Pyrexia: no. Meconium: no. Labor induced: no. Presentation: breech. CTG: 0 early decelerations, 3 variable decelerations, 0 late decelerations, 0 prolonged decelerations, 0 accelerations, 0 uterine contractions.",Vaginal
1022,"Gestational age 39 weeks. Maternal age 34, gravida 3, parity 1. Diabetes: yes. Hypertension: no. Preeclampsia: no. Premature rupture of membranes: no. Pyrexia: no. Meconium: no. Labor induced: yes. Presentation: breech. CTG: 7 early decelerations, 3 variable decelerations, 0 late decelerations, 0 prolonged decelerations, 3 accelerations, 25 uterine contractions.",Vaginal
1023,"Gestational age 41 weeks. Maternal age 33, gravida 2, parity 0. Diabetes: no. Hypertension: no. Preeclampsia: no. Premature rupture of membranes: no. Pyrexia: no. Meconium: no. Labor induced: yes. Presentation: breech. CTG: 2 early decelerations, 0 variable decelerations, 0 late decelerations, 0 prolonged decelerations, 0 accelerations, 14 uterine contractions.",Vaginal
1024,"Gestational age 40 weeks. Maternal age 33, gravida 3, parity 1. Diabetes: no. Hypertension: no. Preeclampsia: no. Premature rupture of membranes: no. Pyrexia: no. Meconium: no. Labor induced: yes. Presentation: breech. CTG: 8 early decelerations, 6 variable decelerations, 0 late decelerations, 0 prolonged decelerations, 0 accelerations, 16 uterine contractions.",Vaginal
1025,"Gestational age 41 weeks. Maternal age 26, gravida 1, parity 0. Diabetes: no. Hypertension: yes. Preeclampsia: no. Premature rupture of membranes: yes. Pyrexia: no. Meconium: no. Labor induced: yes. Presentation: breech. CTG: 5 early decelerations, 2 variable decelerations, 1 late decelerations, 0 prolonged decelerations, 0 accelerations, 37 uterine contractions.",Vaginal
1026,"Gestational age 37 weeks. Maternal age 23, gravida 1, parity 0. Diabetes: no. Hypertension: no. Preeclampsia: no. Premature rupture of membranes: no. Pyrexia: no. Meconium: no. Labor induced: yes. Presentation: breech. CTG: 0 early decelerations, 1 variable decelerations, 1 late decelerations, 0 prolonged decelerations, 2 accelerations, 8 uterine contractions.",Vaginal
1027,"Gestational age 41 weeks. Maternal age 34, gravida 1, parity 0. Diabetes: no. Hypertension: no. Preeclampsia: no. Premature rupture of membranes: no. Pyrexia: no. Meconium: no. Labor induced: yes. Presentation: breech. CTG: 1 early decelerations, 18 variable decelerations, 0 late decelerations, 1 prolonged decelerations, 0 accelerations, 3 uterine contractions.",Vaginal
1028,"Gestational age 42 weeks. Maternal age 32, gravida 2, parity 0. Diabetes: no. Hypertension: no. Preeclampsia: no. Premature rupture of membranes: no. Pyrexia: no. Meconium: yes. Labor induced: yes. Presentation: breech. CTG: 3 early decelerations, 8 variable decelerations, 1 late decelerations, 0 prolonged decelerations, 1 accelerations, 7 uterine contractions.",Vaginal
1029,"Gestational age 41 weeks. Maternal age 33, gravida 1, parity 0. Diabetes: no. Hypertension: no. Preeclampsia: no. Premature rupture of membranes: no. Pyrexia: no. Meconium: yes. Labor induced: no. Presentation: breech. CTG: 0 early decelerations, 4 variable decelerations, 0 late decelerations, 0 prolonged decelerations, 0 accelerations, 1 uterine contractions.",Vaginal
1030,"Gestational age 40 weeks. Maternal age 25, gravida 1, parity 0. Diabetes: no. Hypertension: no. Preeclampsia: no. Premature rupture of membranes: no. Pyrexia: no. Meconium: yes. Labor induced: no. Presentation: breech. CTG: 0 early decelerations, 4 variable decelerations, 0 late decelerations, 0 prolonged decelerations, 10 accelerations, 20 uterine contractions.",Vaginal
1031,"Gestational age 37 weeks. Maternal age 29, gravida 1, parity 0. Diabetes: no. Hypertension: no. Preeclampsia: no. Premature rupture of membranes: no. Pyrexia: no. Meconium: no. Labor induced: yes. Presentation: breech. CTG: 0 early decelerations, 2 variable decelerations, 1 late decelerations, 0 prolonged decelerations, 0 accelerations, 9 uterine contractions.",Vaginal
1032,"Gestational age 43 weeks. Maternal age 20, gravida 1, parity 0. Diabetes: no. Hypertension: no. Preeclampsia: no. Premature rupture of membranes: no. Pyrexia: no. Meconium: no. Labor induced: yes. Presentation: breech. CTG: 4 early decelerations, 7 variable decelerations, 0 late decelerations, 0 prolonged decelerations, 4 accelerations, 15 uterine contractions.",Vaginal
1033,"Gestational age 40 weeks. Maternal age 31, gravida 1, parity 1. Diabetes: no. Hypertension: no. Preeclampsia: no. Premature rupture of membranes: no. Pyrexia: no. Meconium: no. Labor induced: no. Presentation: breech. CTG: 1 early decelerations, 7 variable decelerations, 0 late decelerations, 0 prolonged decelerations, 5 accelerations, 7 uterine contractions.",Vaginal
1034,"Gestational age 41 weeks. Maternal age 28, gravida 1, parity 0. Diabetes: no. Hypertension: no. Preeclampsia: no. Premature rupture of membranes: no. Pyrexia: no. Meconium: no. Labor induced: yes. Presentation: breech. CTG: 0 early decelerations, 0 variable decelerations, 1 late decelerations, 0 prolonged decelerations, 0 accelerations, 10 uterine contractions.",Vaginal
1035,"Gestational age 38 weeks. Maternal age 30, gravida 1, parity 1. Diabetes: no. Hypertension: no. Preeclampsia: no. Premature rupture of membranes: no. Pyrexia: no. Meconium: no. Labor induced: yes. Presentation: cephalic. CTG: 1 early decelerations, 3 variable decelerations, 0 late decelerations, 1 prolonged decelerations, 9 accelerations, 20 uterine contractions.",Vaginal
1036,"Gestational age 40 weeks. Maternal age 29, gravida 1, parity 0. Diabetes: no. Hypertension: no. Preeclampsia: no. Premature rupture of membranes: yes. Pyrexia: no. Meconium: no. Labor induced: no. Presentation: breech. CTG: 0 early decelerations, 0 variable decelerations, 0 late decelerations, 0 prolonged decelerations, 0 accelerations, 10 uterine contractions.",Vaginal
1037,"Gestational age 41 weeks. Maternal age 29, gravida 1, parity 0. Diabetes: no. Hypertension: no. Preeclampsia: no. Premature rupture of membranes: no. Pyrexia: no. Meconium: no. Labor induced: yes. Presentation: breech. CTG: 2 early decelerations, 0 variable decelerations, 2 late decelerations, 0 prolonged decelerations, 1 accelerations, 26 uterine contractions.",Vaginal
1038,"Gestational age 39 weeks. Maternal age 24, gravida 1, parity 1. Diabetes: no. Hypertension: no. Preeclampsia: no. Premature rupture of membranes: no. Pyrexia: no. Meconium: no. Labor induced: no. Presentation: cephalic. CTG: 2 early decelerations, 1 variable decelerations, 1 late decelerations, 0 prolonged decelerations, 0 accelerations, 13 uterine contractions.",Vaginal
1039,"Gestational age 40 weeks. Maternal age 33, gravida 3, parity 1. Diabetes: no. Hypertension: no. Preeclampsia: no. Premature rupture of membranes: no. Pyrexia: no. Meconium: no. Labor induced: yes. Presentation: breech. CTG: 3 early decelerations, 0 variable decelerations, 0 late decelerations, 1 prolonged decelerations, 0 accelerations, 16 uterine contractions.",Vaginal
1040,"Gestational age 41 weeks. Maternal age 25, gravida 1, parity 0. Diabetes: no. Hypertension: no. Preeclampsia: no. Premature rupture of membranes: no. Pyrexia: no. Meconium: no. Labor induced: yes. Presentation: breech. CTG: 0 early decelerations, 6 variable decelerations, 1 late decelerations, 0 prolonged decelerations, 1 accelerations, 2 uterine contractions.",Vaginal
1041,"Gestational age 41 weeks. Maternal age 25, gravida 1, parity 0. Diabetes: no. Hypertension: no. Preeclampsia: no. Premature rupture of membranes: no. Pyrexia: no. Meconium: yes. Labor induced: no. Presentation: breech. CTG: 3 early decelerations, 4 variable decelerations, 1 late decelerations, 0 prolonged decelerations, 1 accelerations, 15 uterine contractions.",Vaginal
1042,"Gestational age 41 weeks. Maternal age 28, gravida 1, parity 0. Diabetes: no. Hypertension: no. Preeclampsia: no. Premature rupture of membranes: no. Pyrexia: no. Meconium: yes. Labor induced: yes. Presentation: breech. CTG: 0 early decelerations, 5 variable decelerations, 0 late decelerations, 0 prolonged decelerations, 0 accelerations, 0 uterine contractions.",Vaginal
1043,"Gestational age 41 weeks. Maternal age 28, gravida 1, parity 0. Diabetes: no. Hypertension: no. Preeclampsia: no. Premature rupture of membranes: no. Pyrexia: no. Meconium: no. Labor induced: yes. Presentation: breech. CTG: 1 early decelerations, 1 variable decelerations, 0 late decelerations, 0 prolonged decelerations, 0 accelerations, 15 uterine contractions.",Vaginal
1044,"Gestational age 38 weeks. Maternal age 31, gravida 1, parity 0. Diabetes: no. Hypertension: no. Preeclampsia: no. Premature rupture of membranes: no. Pyrexia: no. Meconium: yes. Labor induced: no. Presentation: breech. CTG: 0 early decelerations, 0 variable decelerations, 0 late decelerations, 0 prolonged decelerations, 1 accelerations, 0 uterine contractions.",Vaginal
1045,"Gestational age 40 weeks. Maternal age 29, gravida 2, parity 1. Diabetes: yes. Hypertension: no. Preeclampsia: no. Premature rupture of membranes: no. Pyrexia: no. Meconium: no. Labor induced: yes. Presentation: breech. CTG: 0 early decelerations, 8 variable decelerations, 0 late decelerations, 0 prolonged decelerations, 4 accelerations, 0 uterine contractions.",Vaginal
1046,"Gestational age 40 weeks. Maternal age 21, gravida 1, parity 0. Diabetes: no. Hypertension: no. Preeclampsia: no. Premature rupture of membranes: no. Pyrexia: no. Meconium: no. Labor induced: no. Presentation: breech. CTG: 6 early decelerations, 1 variable decelerations, 0 late decelerations, 0 prolonged decelerations, 6 accelerations, 28 uterine contractions.",Vaginal
1047,"Gestational age 40 weeks. Maternal age 29, gravida 2, parity 0. Diabetes: no. Hypertension: no. Preeclampsia: no. Premature rupture of membranes: no. Pyrexia: no. Meconium: no. Labor induced: no. Presentation: breech. CTG: 0 early decelerations, 1 variable decelerations, 0 late decelerations, 0 prolonged decelerations, 3 accelerations, 10 uterine contractions.",Vaginal
1048,"Gestational age 39 weeks. Maternal age 27, gravida 1, parity 0. Diabetes: no. Hypertension: yes. Preeclampsia: no. Premature rupture of membranes: yes. Pyrexia: no. Meconium: no. Labor induced: yes. Presentation: breech. CTG: 0 early decelerations, 0 variable decelerations, 1 late decelerations, 1 prolonged decelerations, 3 accelerations, 20 uterine contractions.",Vaginal
1049,"Gestational age 39 weeks. Maternal age 19, gravida 2, parity 0. Diabetes: no. Hypertension: no. Preeclampsia: no. Premature rupture of membranes: no. Pyrexia: no. Meconium: no. Labor induced: no. Presentation: breech. CTG: 1 early decelerations, 0 variable decelerations, 0 late decelerations, 0 prolonged decelerations, 0 accelerations, 19 uterine contractions.",Vaginal
1050,"Gestational age 41 weeks. Maternal age 28, gravida 1, parity 0. Diabetes: no. Hypertension: no. Preeclampsia: no. Premature rupture of membranes: no. Pyrexia: no. Meconium: no. Labor induced: yes. Presentation: breech. CTG: 0 early decelerations, 2 variable decelerations, 0 late decelerations, 0 prolonged decelerations, 0 accelerations, 2 uterine contractions.",Vaginal
1051,"Gestational age 40 weeks. Maternal age 32, gravida 1, parity 0. Diabetes: no. Hypertension: no. Preeclampsia: no. Premature rupture of membranes: yes. Pyrexia: no. Meconium: no. Labor induced: no. Presentation: breech. CTG: 0 early decelerations, 0 variable decelerations, 0 late decelerations, 0 prolonged decelerations, 3 accelerations, 21 uterine contractions.",Vaginal
1052,"Gestational age 40 weeks. Maternal age 25, gravida 1, parity 0. Diabetes: no. Hypertension: no. Preeclampsia: no. Premature rupture of membranes: yes. Pyrexia: no. Meconium: no. Labor induced: yes. Presentation: breech. CTG: 0 early decelerations, 1 variable decelerations, 0 late decelerations, 0 prolonged decelerations, 0 accelerations, 1 uterine contractions.",Vaginal
1053,"Gestational age 40 weeks. Maternal age 30, gravida 1, parity 1. Diabetes: no. Hypertension: no. Preeclampsia: no. Premature rupture of membranes: no. Pyrexia: no. Meconium: no. Labor induced: no. Presentation: breech. CTG: 0 early decelerations, 0 variable decelerations, 0 late decelerations, 0 prolonged decelerations, 2 accelerations, 18 uterine contractions.",Vaginal
1054,"Gestational age 37 weeks. Maternal age 23, gravida 1, parity 0. Diabetes: no. Hypertension: yes. Preeclampsia: no. Premature rupture of membranes: yes. Pyrexia: no. Meconium: no. Labor induced: no. Presentation: breech. CTG: 0 early decelerations, 0 variable decelerations, 0 late decelerations, 0 prolonged decelerations, 0 accelerations, 23 uterine contractions.",Vaginal
1055,"Gestational age 40 weeks. Maternal age 33, gravida 1, parity 1. Diabetes: no. Hypertension: no. Preeclampsia: no. Premature rupture of membranes: no. Pyrexia: no. Meconium: no. Labor induced: yes. Presentation: breech. CTG: 2 early decelerations, 3 variable decelerations, 0 late decelerations, 0 prolonged decelerations, 1 accelerations, 32 uterine contractions.",Vaginal
1056,"Gestational age 42 weeks. Maternal age 26, gravida 1, parity 0. Diabetes: no. Hypertension: no. Preeclampsia: no. Premature rupture of membranes: no. Pyrexia: no. Meconium: no. Labor induced: yes. Presentation: breech. CTG: 0 early decelerations, 0 variable decelerations, 0 late decelerations, 0 prolonged decelerations, 0 accelerations, 11 uterine contractions.",Vaginal
1057,"Gestational age 41 weeks. Maternal age 30, gravida 1, parity 1. Diabetes: no. Hypertension: no. Preeclampsia: no. Premature rupture of membranes: no. Pyrexia: no. Meconium: no. Labor induced: no. Presentation: breech. CTG: 1 early decelerations, 6 variable decelerations, 0 late decelerations, 0 prolonged decelerations, 0 accelerations, 1 uterine contractions.",Vaginal
1058,"Gestational age 39 weeks. Maternal age 28, gravida 1, parity 0. Diabetes: no. Hypertension: no. Preeclampsia: no. Premature rupture of membranes: yes. Pyrexia: no. Meconium: no. Labor induced: no. Presentation: other. CTG: 0 early decelerations, 0 variable decelerations, 0 late decelerations, 0 prolonged decelerations, 2 accelerations, 8 uterine contractions.",Vaginal
1059,"Gestational age 40 weeks. Maternal age 32, gravida unknown, parity 0. Diabetes: yes. Hypertension: no. Preeclampsia: no. Premature rupture of membranes: no. Pyrexia: no. Meconium: no. Labor induced: yes. Presentation: breech. CTG: 0 early decelerations, 0 variable decelerations, 0 late decelerations, 0 prolonged decelerations, 0 accelerations, 9 uterine contractions.",Vaginal
1060,"Gestational age 39 weeks. Maternal age 29, gravida 1, parity 0. Diabetes: no. Hypertension: no. Preeclampsia: no. Premature rupture of membranes: yes. Pyrexia: no. Meconium: no. Labor induced: no. Presentation: breech. CTG: 0 early decelerations, 0 variable decelerations, 0 late decelerations, 0 prolonged decelerations, 0 accelerations, 8 uterine contractions.",Vaginal
1061,"Gestational age 39 weeks. Maternal age 25, gravida 1, parity 0. Diabetes: no. Hypertension: no. Preeclampsia: no. Premature rupture of membranes: no. Pyrexia: no. Meconium: no. Labor induced: no. Presentation: breech. CTG: 0 early decelerations, 6 variable decelerations, 0 late decelerations, 0 prolonged decelerations, 2 accelerations, 0 uterine contractions.",Vaginal
1062,"Gestational age 40 weeks. Maternal age 34, gravida 1, parity 1. Diabetes: no. Hypertension: no. Preeclampsia: no. Premature rupture of membranes: no. Pyrexia: no. Meconium: no. Labor induced: no. Presentation: breech. CTG: 0 early decelerations, 0 variable decelerations, 0 late decelerations, 0 prolonged decelerations, 0 accelerations, 32 uterine contractions.",Vaginal
1063,"Gestational age 41 weeks. Maternal age 32, gravida 2, parity 1. Diabetes: no. Hypertension: no. Preeclampsia: no. Premature rupture of membranes: no. Pyrexia: no. Meconium: no. Labor induced: yes. Presentation: breech. CTG: 0 early decelerations, 0 variable decelerations, 0 late decelerations, 0 prolonged decelerations, 0 accelerations, 21 uterine contractions.",Vaginal
1064,"Gestational age 41 weeks. Maternal age 30, gravida 1, parity 1. Diabetes: yes. Hypertension: no. Preeclampsia: no. Premature rupture of membranes: no. Pyrexia: no. Meconium: no. Labor induced: yes. Presentation: breech. CTG: 4 early decelerations, 0 variable decelerations, 1 late decelerations, 0 prolonged decelerations, 0 accelerations, 9 uterine contractions.",Vaginal
1065,"Gestational age 40 weeks. Maternal age 27, gravida 1, parity 0. Diabetes: no. Hypertension: no. Preeclampsia: no. Premature rupture of membranes: no. Pyrexia: no. Meconium: no. Labor induced: no. Presentation: breech. CTG: 0 early decelerations, 0 variable decelerations, 1 late decelerations, 0 prolonged decelerations, 0 accelerations, 19 uterine contractions.",Vaginal
1066,"Gestational age 41 weeks. Maternal age 28, gravida 1, parity 0. Diabetes: no. Hypertension: no. Preeclampsia: no. Premature rupture of membranes: yes. Pyrexia: no. Meconium: no. Labor induced: no. Presentation: breech. CTG: 6 early decelerations, 2 variable decelerations, 0 late decelerations, 0 prolonged decelerations, 2 accelerations, 16 uterine contractions.",Vaginal
1067,"Gestational age 40 weeks. Maternal age 28, gravida 1, parity 0. Diabetes: no. Hypertension: no. Preeclampsia: no. Premature rupture of membranes: no. Pyrexia: no. Meconium: no. Labor induced: no. Presentation: breech. CTG: 0 early decelerations, 0 variable decelerations, 0 late decelerations, 0 prolonged decelerations, 3 accelerations, 7 uterine contractions.",Vaginal
1068,"Gestational age 41 weeks. Maternal age 35, gravida 1, parity 1. Diabetes: no. Hypertension: no. Preeclampsia: no. Premature rupture of membranes: no. Pyrexia: no. Meconium: no. Labor induced: yes. Presentation: breech. CTG: 0 early decelerations, 0 variable decelerations, 0 late decelerations, 0 prolonged decelerations, 0 accelerations, 19 uterine contractions.",Vaginal
1069,"Gestational age 38 weeks. Maternal age 36, gravida 1, parity 1. Diabetes: no. Hypertension: no. Preeclampsia: yes. Premature rupture of membranes: no. Pyrexia: no. Meconium: no. Labor induced: yes. Presentation: breech. CTG: 0 early decelerations, 10 variable decelerations, 0 late decelerations, 0 prolonged decelerations, 6 accelerations, 0 uterine contractions.",Vaginal
1070,"Gestational age 41 weeks. Maternal age 23, gravida 1, parity 0. Diabetes: no. Hypertension: no. Preeclampsia: no. Premature rupture of membranes: yes. Pyrexia: no. Meconium: yes. Labor induced: yes. Presentation: breech. CTG: 3 early decelerations, 7 variable decelerations, 0 late decelerations, 0 prolonged decelerations, 3 accelerations, 7 uterine contractions.",Vaginal
1071,"Gestational age 39 weeks. Maternal age 26, gravida 2, parity 0. Diabetes: no. Hypertension: no. Preeclampsia: no. Premature rupture of membranes: no. Pyrexia: no. Meconium: no. Labor induced: no. Presentation: breech. CTG: 0 early decelerations, 0 variable decelerations, 0 late decelerations, 0 prolonged decelerations, 2 accelerations, 14 uterine contractions.",Vaginal
1072,"Gestational age 41 weeks. Maternal age 30, gravida 1, parity 1. Diabetes: no. Hypertension: no. Preeclampsia: no. Premature rupture of membranes: no. Pyrexia: yes. Meconium: no. Labor induced: no. Presentation: breech. CTG: 3 early decelerations, 6 variable decelerations, 0 late decelerations, 0 prolonged decelerations, 0 accelerations, 12 uterine contractions.",Vaginal
1073,"Gestational age 40 weeks. Maternal age 36, gravida 5, parity 2. Diabetes: no. Hypertension: no. Preeclampsia: no. Premature rupture of membranes: yes. Pyrexia: no. Meconium: no. Labor induced: no. Presentation: breech. CTG: 0 early decelerations, 0 variable decelerations, 0 late decelerations, 0 prolonged decelerations, 0 accelerations, 4 uterine contractions.",Vaginal
1074,"Gestational age 40 weeks. Maternal age 32, gravida 1, parity 0. Diabetes: no. Hypertension: no. Preeclampsia: no. Premature rupture of membranes: yes. Pyrexia: no. Meconium: no. Labor induced: no. Presentation: breech. CTG: 3 early decelerations, 5 variable decelerations, 1 late decelerations, 0 prolonged decelerations, 1 accelerations, 13 uterine contractions.",Vaginal
1075,"Gestational age 41 weeks. Maternal age 22, gravida 1, parity 0. Diabetes: no. Hypertension: no. Preeclampsia: no. Premature rupture of membranes: no. Pyrexia: no. Meconium: no. Labor induced: no. Presentation: breech. CTG: 2 early decelerations, 0 variable decelerations, 0 late decelerations, 0 prolonged decelerations, 1 accelerations, 19 uterine contractions.",Vaginal
1076,"Gestational age 38 weeks. Maternal age 31, gravida 3, parity 2. Diabetes: no. Hypertension: no. Preeclampsia: no. Premature rupture of membranes: yes. Pyrexia: no. Meconium: no. Labor induced: no. Presentation: breech. CTG: 0 early decelerations, 3 variable decelerations, 0 late decelerations, 0 prolonged decelerations, 5 accelerations, 0 uterine contractions.",Vaginal
1077,"Gestational age 39 weeks. Maternal age 24, gravida 1, parity 0. Diabetes: no. Hypertension: no. Preeclampsia: no. Premature rupture of membranes: yes. Pyrexia: no. Meconium: no. Labor induced: no. Presentation: breech. CTG: 4 early decelerations, 1 variable decelerations, 0 late decelerations, 1 prolonged decelerations, 0 accelerations, 13 uterine contractions.",Vaginal
1078,"Gestational age 39 weeks. Maternal age 21, gravida 1, parity 0. Diabetes: no. Hypertension: yes. Preeclampsia: no. Premature rupture of membranes: no. Pyrexia: no. Meconium: no. Labor induced: yes. Presentation: cephalic. CTG: 0 early decelerations, 0 variable decelerations, 0 late decelerations, 0 prolonged decelerations, 2 accelerations, 33 uterine contractions.",Vaginal
1079,"Gestational age 41 weeks. Maternal age 26, gravida 1, parity 0. Diabetes: no. Hypertension: no. Preeclampsia: no. Premature rupture of membranes: yes. Pyrexia: no. Meconium: no. Labor induced: no. Presentation: breech. CTG: 0 early decelerations, 0 variable decelerations, 0 late decelerations, 0 prolonged decelerations, 3 accelerations, 12 uterine contractions.",Vaginal
1080,"Gestational age 40 weeks. Maternal age 32, gravida 1, parity 0. Diabetes: no. Hypertension: no. Preeclampsia: no. Premature rupture of membranes: yes. Pyrexia: no. Meconium: no. Labor induced: no. Presentation: breech. CTG: 1 early decelerations, 0 variable decelerations, 0 late decelerations, 0 prolonged decelerations, 0 accelerations, 8 uterine contractions.",Vaginal
1081,"Gestational age 37 weeks. Maternal age 32, gravida 1, parity 0. Diabetes: yes. Hypertension: no. Preeclampsia: no. Premature rupture of membranes: no. Pyrexia: no. Meconium: no. Labor induced: yes. Presentation: breech. CTG: 0 early decelerations, 8 variable decelerations, 0 late decelerations, 0 prolonged decelerations, 2 accelerations, 1 uterine contractions.",Vaginal
1082,"Gestational age 40 weeks. Maternal age 33, gravida 1, parity 0. Diabetes: no. Hypertension: no. Preeclampsia: no. Premature rupture of membranes: no. Pyrexia: no. Meconium: no. Labor induced: no. Presentation: breech. CTG: 0 early decelerations, 0 variable decelerations, 0 late decelerations, 0 prolonged decelerations, 3 accelerations, 8 uterine contractions.",Vaginal
1083,"Gestational age 40 weeks. Maternal age 27, gravida 3, parity 1. Diabetes: no. Hypertension: no. Preeclampsia: no. Premature rupture of membranes: yes. Pyrexia: no. Meconium: no. Labor induced: no. Presentation: breech. CTG: 3 early decelerations, 0 variable decelerations, 0 late decelerations, 0 prolonged decelerations, 0 accelerations, 14 uterine contractions.",Vaginal
1084,"Gestational age 40 weeks. Maternal age 23, gravida 1, parity 1. Diabetes: no. Hypertension: no. Preeclampsia: no. Premature rupture of membranes: no. Pyrexia: no. Meconium: no. Labor induced: no. Presentation: breech. CTG: 2 early decelerations, 3 variable decelerations, 0 late decelerations, 0 prolonged decelerations, 0 accelerations, 8 uterine contractions.",Vaginal
1085,"Gestational age 39 weeks. Maternal age 29, gravida 1, parity 1. Diabetes: no. Hypertension: no. Preeclampsia: no. Premature rupture of membranes: no. Pyrexia: no. Meconium: no. Labor induced: no. Presentation: breech. CTG: 3 early decelerations, 4 variable decelerations, 0 late decelerations, 0 prolonged decelerations, 3 accelerations, 15 uterine contractions.",Vaginal
1086,"Gestational age 42 weeks. Maternal age 30, gravida 1, parity 1. Diabetes: no. Hypertension: no. Preeclampsia: no. Premature rupture of membranes: no. Pyrexia: no. Meconium: no. Labor induced: yes. Presentation: breech. CTG: 0 early decelerations, 0 variable decelerations, 0 late decelerations, 0 prolonged decelerations, 0 accelerations, 9 uterine contractions.",Vaginal
1087,"Gestational age 37 weeks. Maternal age 28, gravida 2, parity 0. Diabetes: yes. Hypertension: no. Preeclampsia: yes. Premature rupture of membranes: no. Pyrexia: no. Meconium: no. Labor induced: yes. Presentation: breech. CTG: 0 early decelerations, 0 variable decelerations, 0 late decelerations, 0 prolonged decelerations, 0 accelerations, 0 uterine contractions.",Vaginal
1088,"Gestational age 38 weeks. Maternal age 33, gravida 2, parity 0. Diabetes: no. Hypertension: no. Preeclampsia: no. Premature rupture of membranes: no. Pyrexia: no. Meconium: no. Labor induced: no. Presentation: breech. CTG: 9 early decelerations, 1 variable decelerations, 0 late decelerations, 0 prolonged decelerations, 1 accelerations, 28 uterine contractions.",Vaginal
1089,"Gestational age 41 weeks. Maternal age 26, gravida 1, parity 0. Diabetes: no. Hypertension: no. Preeclampsia: no. Premature rupture of membranes: no. Pyrexia: no. Meconium: no. Labor induced: no. Presentation: breech. CTG: 1 early decelerations, 0 variable decelerations, 0 late decelerations, 0 prolonged decelerations, 0 accelerations, 10 uterine contractions.",Vaginal
1090,"Gestational age 39 weeks. Maternal age 25, gravida 1, parity 0. Diabetes: no. Hypertension: no. Preeclampsia: no. Premature rupture of membranes: yes. Pyrexia: no. Meconium: no. Labor induced: no. Presentation: breech. CTG: 3 early decelerations, 0 variable decelerations, 0 late decelerations, 0 prolonged decelerations, 6 accelerations, 17 uterine contractions.",Vaginal
1091,"Gestational age 39 weeks. Maternal age 37, gravida 1, parity 1. Diabetes: no. Hypertension: no. Preeclampsia: no. Premature rupture of membranes: no. Pyrexia: no. Meconium: no. Labor induced: yes. Presentation: breech. CTG: 0 early decelerations, 5 variable decelerations, 0 late decelerations, 0 prolonged decelerations, 0 accelerations, 0 uterine contractions.",Vaginal
1092,"Gestational age 41 weeks. Maternal age 28, gravida 1, parity 0. Diabetes: no. Hypertension: no. Preeclampsia: no. Premature rupture of membranes: no. Pyrexia: no. Meconium: no. Labor induced: yes. Presentation: breech. CTG: 0 early decelerations, 0 variable decelerations, 0 late decelerations, 0 prolonged decelerations, 1 accelerations, 15 uterine contractions.",Vaginal
1093,"Gestational age 40 weeks. Maternal age 30, gravida 2, parity 1. Diabetes: yes. Hypertension: no. Preeclampsia: no. Premature rupture of membranes: no. Pyrexia: no. Meconium: no. Labor induced: yes. Presentation: breech. CTG: 1 early decelerations, 0 variable decelerations, 0 late decelerations, 0 prolonged decelerations, 0 accelerations, 10 uterine contractions.",Vaginal
1094,"Gestational age 38 weeks. Maternal age 25, gravida 1, parity 0. Diabetes: no. Hypertension: no. Preeclampsia: no. Premature rupture of membranes: no. Pyrexia: no. Meconium: no. Labor induced: no. Presentation: other. CTG: 1 early decelerations, 3 variable decelerations, 0 late decelerations, 0 prolonged decelerations, 2 accelerations, 6 uterine contractions.",Vaginal
1095,"Gestational age 41 weeks. Maternal age 37, gravida 1, parity 0. Diabetes: no. Hypertension: yes. Preeclampsia: no. Premature rupture of membranes: no. Pyrexia: no. Meconium: yes. Labor induced: no. Presentation: breech. CTG: 0 early decelerations, 3 variable decelerations, 0 late decelerations, 0 prolonged decelerations, 3 accelerations, 0 uterine contractions.",Vaginal
1096,"Gestational age 39 weeks. Maternal age 28, gravida 1, parity 0. Diabetes: no. Hypertension: yes. Preeclampsia: no. Premature rupture of membranes: yes. Pyrexia: no. Meconium: no. Labor induced: no. Presentation: other. CTG: 0 early decelerations, 0 variable decelerations, 0 late decelerations, 0 prolonged decelerations, 0 accelerations, 16 uterine contractions.",Vaginal
1097,"Gestational age 41 weeks. Maternal age 23, gravida 1, parity 0. Diabetes: no. Hypertension: no. Preeclampsia: no. Premature rupture of membranes: yes. Pyrexia: no. Meconium: no. Labor induced: yes. Presentation: breech. CTG: 1 early decelerations, 4 variable decelerations, 1 late decelerations, 0 prolonged decelerations, 2 accelerations, 2 uterine contractions.",Vaginal
1098,"Gestational age 41 weeks. Maternal age 31, gravida 4, parity 0. Diabetes: no. Hypertension: no. Preeclampsia: no. Premature rupture of membranes: no. Pyrexia: no. Meconium: yes. Labor induced: no. Presentation: breech. CTG: 4 early decelerations, 3 variable decelerations, 0 late decelerations, 0 prolonged decelerations, 1 accelerations, 20 uterine contractions.",Vaginal
1099,"Gestational age 40 weeks. Maternal age 29, gravida 1, parity 0. Diabetes: no. Hypertension: no. Preeclampsia: no. Premature rupture of membranes: no. Pyrexia: no. Meconium: no. Labor induced: no. Presentation: breech. CTG: 3 early decelerations, 0 variable decelerations, 0 late decelerations, 0 prolonged decelerations, 1 accelerations, 12 uterine contractions.",Vaginal
1100,"Gestational age 41 weeks. Maternal age 32, gravida 1, parity 0. Diabetes: no. Hypertension: no. Preeclampsia: no. Premature rupture of membranes: no. Pyrexia: no. Meconium: no. Labor induced: yes. Presentation: breech. CTG: 0 early decelerations, 2 variable decelerations, 0 late decelerations, 1 prolonged decelerations, 0 accelerations, 13 uterine contractions.",Vaginal
1101,"Gestational age 40 weeks. Maternal age 28, gravida 1, parity 0. Diabetes: no. Hypertension: no. Preeclampsia: no. Premature rupture of membranes: yes. Pyrexia: no. Meconium: no. Labor induced: no. Presentation: breech. CTG: 4 early decelerations, 8 variable decelerations, 1 late decelerations, 0 prolonged decelerations, 1 accelerations, 14 uterine contractions.",Vaginal
1102,"Gestational age 39 weeks. Maternal age 28, gravida 1, parity 1. Diabetes: no. Hypertension: no. Preeclampsia: no. Premature rupture of membranes: no. Pyrexia: no. Meconium: no. Labor induced: yes. Presentation: breech. CTG: 0 early decelerations, 1 variable decelerations, 0 late decelerations, 0 prolonged decelerations, 0 accelerations, 12 uterine contractions.",Vaginal
1103,"Gestational age 39 weeks. Maternal age 33, gravida 2, parity 1. Diabetes: no. Hypertension: no. Preeclampsia: no. Premature rupture of membranes: no. Pyrexia: no. Meconium: no. Labor induced: no. Presentation: breech. CTG: 0 early decelerations, 0 variable decelerations, 0 late decelerations, 0 prolonged decelerations, 0 accelerations, 22 uterine contractions.",Vaginal
1104,"Gestational age 40 weeks. Maternal age 28, gravida 1, parity 0. Diabetes: no. Hypertension: no. Preeclampsia: no. Premature rupture of membranes: no. Pyrexia: no. Meconium: no. Labor induced: yes. Presentation: breech. CTG: 0 early decelerations, 0 variable decelerations, 0 late decelerations, 2 prolonged decelerations, 0 accelerations, 0 uterine contractions.",Vaginal
1105,"Gestational age 41 weeks. Maternal age 23, gravida 1, parity 0. Diabetes: no. Hypertension: no. Preeclampsia: no. Premature rupture of membranes: no. Pyrexia: no. Meconium: no. Labor induced: yes. Presentation: other. CTG: 0 early decelerations, 0 variable decelerations, 0 late decelerations, 0 prolonged decelerations, 0 accelerations, 0 uterine contractions.",Vaginal
1106,"Gestational age 41 weeks. Maternal age 30, gravida 1, parity 0. Diabetes: no. Hypertension: no. Preeclampsia: no. Premature rupture of membranes: yes. Pyrexia: no. Meconium: no. Labor induced: yes. Presentation: breech. CTG: 0 early decelerations, 0 variable decelerations, 0 late decelerations, 0 prolonged decelerations, 0 accelerations, 0 uterine contractions.",Vaginal
1107,"Gestational age 40 weeks. Maternal age 33, gravida 3, parity 2. Diabetes: no. Hypertension: no. Preeclampsia: no. Premature rupture of membranes: no. Pyrexia: no. Meconium: no. Labor induced: yes. Presentation: breech. CTG: 0 early decelerations, 0 variable decelerations, 0 late decelerations, 0 prolonged decelerations, 3 accelerations, 21 uterine contractions.",Vaginal
1108,"Gestational age 40 weeks. Maternal age 29, gravida 1, parity 0. Diabetes: no. Hypertension: no. Preeclampsia: no. Premature rupture of membranes: yes. Pyrexia: no. Meconium: no. Labor induced: no. Presentation: breech. CTG: 0 early decelerations, 0 variable decelerations, 1 late decelerations, 1 prolonged decelerations, 1 accelerations, 14 uterine contractions.",Vaginal
1109,"Gestational age 39 weeks. Maternal age 35, gravida 11, parity 1. Diabetes: yes. Hypertension: no. Preeclampsia: no. Premature rupture of membranes: no. Pyrexia: no. Meconium: no. Labor induced: yes. Presentation: breech. CTG: 2 early decelerations, 0 variable decelerations, 0 late decelerations, 1 prolonged decelerations, 0 accelerations, 20 uterine contractions.",Vaginal
1110,"Gestational age 41 weeks. Maternal age 36, gravida 2, parity 0. Diabetes: no. Hypertension: no. Preeclampsia: no. Premature rupture of membranes: yes. Pyrexia: no. Meconium: no. Labor induced: no. Presentation: breech. CTG: 8 early decelerations, 1 variable decelerations, 0 late decelerations, 0 prolonged decelerations, 0 accelerations, 33 uterine contractions.",Vaginal
1111,"Gestational age 38 weeks. Maternal age 42, gravida 2, parity 1. Diabetes: yes. Hypertension: no. Preeclampsia: no. Premature rupture of membranes: no. Pyrexia: no. Meconium: no. Labor induced: yes. Presentation: breech. CTG: 6 early decelerations, 6 variable decelerations, 0 late decelerations, 0 prolonged decelerations, 1 accelerations, 15 uterine contractions.",Vaginal
1112,"Gestational age 40 weeks. Maternal age 29, gravida 1, parity 0. Diabetes: no. Hypertension: yes. Preeclampsia: no. Premature rupture of membranes: yes. Pyrexia: no. Meconium: no. Labor induced: no. Presentation: breech. CTG: 2 early decelerations, 2 variable decelerations, 2 late decelerations, 0 prolonged decelerations, 3 accelerations, 18 uterine contractions.",Vaginal
1113,"Gestational age 40 weeks. Maternal age 23, gravida 1, parity 0. Diabetes: no. Hypertension: yes. Preeclampsia: no. Premature rupture of membranes: yes. Pyrexia: no. Meconium: no. Labor induced: no. Presentation: breech. CTG: 2 early decelerations, 0 variable decelerations, 1 late decelerations, 4 prolonged decelerations, 0 accelerations, 18 uterine contractions.",Vaginal
1114,"Gestational age 39 weeks. Maternal age 33, gravida 4, parity 4. Diabetes: no. Hypertension: no. Preeclampsia: no. Premature rupture of membranes: yes. Pyrexia: no. Meconium: yes. Labor induced: no. Presentation: other. CTG: 1 early decelerations, 1 variable decelerations, 0 late decelerations, 0 prolonged decelerations, 0 accelerations, 10 uterine contractions.",Vaginal
1115,"Gestational age 40 weeks. Maternal age 30, gravida 2, parity 0. Diabetes: no. Hypertension: no. Preeclampsia: no. Premature rupture of membranes: yes. Pyrexia: no. Meconium: no. Labor induced: no. Presentation: breech. CTG: 4 early decelerations, 7 variable decelerations, 0 late decelerations, 0 prolonged decelerations, 6 accelerations, 18 uterine contractions.",Vaginal
1116,"Gestational age 41 weeks. Maternal age 30, gravida 1, parity 0. Diabetes: no. Hypertension: no. Preeclampsia: no. Premature rupture of membranes: yes. Pyrexia: no. Meconium: no. Labor induced: no. Presentation: breech. CTG: 0 early decelerations, 0 variable decelerations, 0 late decelerations, 0 prolonged decelerations, 0 accelerations, 8 uterine contractions.",Vaginal
1117,"Gestational age 40 weeks. Maternal age 33, gravida 1, parity 0. Diabetes: no. Hypertension: no. Preeclampsia: no. Premature rupture of membranes: yes. Pyrexia: no. Meconium: no. Labor induced: yes. Presentation: breech. CTG: 3 early decelerations, 1 variable decelerations, 0 late decelerations, 0 prolonged decelerations, 2 accelerations, 21 uterine contractions.",Vaginal
1118,"Gestational age 41 weeks. Maternal age 25, gravida 1, parity 0. Diabetes: no. Hypertension: no. Preeclampsia: no. Premature rupture of membranes: no. Pyrexia: no. Meconium: no. Labor induced: no. Presentation: breech. CTG: 0 early decelerations, 2 variable decelerations, 0 late decelerations, 0 prolonged decelerations, 4 accelerations, 6 uterine contractions.",Vaginal
1119,"Gestational age 41 weeks. Maternal age 34, gravida 2, parity 2. Diabetes: no. Hypertension: no. Preeclampsia: no. Premature rupture of membranes: no. Pyrexia: no. Meconium: no. Labor induced: no. Presentation: breech. CTG: 0 early decelerations, 3 variable decelerations, 0 late decelerations, 0 prolonged decelerations, 3 accelerations, 0 uterine contractions.",Vaginal
1120,"Gestational age 41 weeks. Maternal age 33, gravida 1, parity 0. Diabetes: no. Hypertension: no. Preeclampsia: no. Premature rupture of membranes: yes. Pyrexia: no. Meconium: no. Labor induced: yes. Presentation: breech. CTG: 0 early decelerations, 2 variable decelerations, 0 late decelerations, 0 prolonged decelerations, 0 accelerations, 11 uterine contractions.",Vaginal
1121,"Gestational age 41 weeks. Maternal age 30, gravida 1, parity 0. Diabetes: no. Hypertension: no. Preeclampsia: no. Premature rupture of membranes: no. Pyrexia: no. Meconium: no. Labor induced: no. Presentation: breech. CTG: 0 early decelerations, 0 variable decelerations, 0 late decelerations, 0 prolonged decelerations, 0 accelerations, 9 uterine contractions.",Vaginal
1122,"Gestational age 40 weeks. Maternal age 31, gravida 1, parity 0. Diabetes: no. Hypertension: no. Preeclampsia: no. Premature rupture of membranes: no. Pyrexia: no. Meconium: no. Labor induced: no. Presentation: other. CTG: 0 early decelerations, 0 variable decelerations, 0 late decelerations, 0 prolonged decelerations, 0 accelerations, 12 uterine contractions.",Vaginal
1123,"Gestational age 40 weeks. Maternal age 28, gravida 1, parity 0. Diabetes: no. Hypertension: no. Preeclampsia: no. Premature rupture of membranes: yes. Pyrexia: no. Meconium: yes. Labor induced: no. Presentation: breech. CTG: 4 early decelerations, 3 variable decelerations, 0 late decelerations, 0 prolonged decelerations, 0 accelerations, 15 uterine contractions.",Vaginal
1124,"Gestational age 38 weeks. Maternal age 28, gravida 1, parity 0. Diabetes: no. Hypertension: no. Preeclampsia: no. Premature rupture of membranes: no. Pyrexia: no. Meconium: no. Labor induced: no. Presentation: breech. CTG: 1 early decelerations, 0 variable decelerations, 1 late decelerations, 2 prolonged decelerations, 1 accelerations, 16 uterine contractions.",Vaginal
1125,"Gestational age 40 weeks. Maternal age 30, gravida 1, parity 0. Diabetes: no. Hypertension: no. Preeclampsia: no. Premature rupture of membranes: yes. Pyrexia: no. Meconium: no. Labor induced: no. Presentation: breech. CTG: 0 early decelerations, 0 variable decelerations, 0 late decelerations, 0 prolonged decelerations, 0 accelerations, 7 uterine contractions.",Vaginal
1126,"Gestational age 40 weeks. Maternal age 31, gravida 1, parity 0. Diabetes: no. Hypertension: yes. Preeclampsia: no. Premature rupture of membranes: no. Pyrexia: no. Meconium: no. Labor induced: no. Presentation: breech. CTG: 0 early decelerations, 6 variable decelerations, 0 late decelerations, 0 prolonged decelerations, 7 accelerations, 0 uterine contractions.",Vaginal
1127,"Gestational age 39 weeks. Maternal age 20, gravida 1, parity 0. Diabetes: no. Hypertension: no. Preeclampsia: no. Premature rupture of membranes: no. Pyrexia: no. Meconium: no. Labor induced: yes. Presentation: breech. CTG: 11 early decelerations, 2 variable decelerations, 0 late decelerations, 0 prolonged decelerations, 0 accelerations, 19 uterine contractions.",Vaginal
1128,"Gestational age 38 weeks. Maternal age 30, gravida 1, parity 0. Diabetes: no. Hypertension: yes. Preeclampsia: no. Premature rupture of membranes: no. Pyrexia: no. Meconium: no. Labor induced: no. Presentation: breech. CTG: 0 early decelerations, 0 variable decelerations, 0 late decelerations, 0 prolonged decelerations, 0 accelerations, 4 uterine contractions.",Vaginal
1129,"Gestational age 38 weeks. Maternal age 25, gravida 1, parity 0. Diabetes: no. Hypertension: no. Preeclampsia: no. Premature rupture of membranes: no. Pyrexia: no. Meconium: no. Labor induced: yes. Presentation: breech. CTG: 1 early decelerations, 5 variable decelerations, 3 late decelerations, 0 prolonged decelerations, 2 accelerations, 5 uterine contractions.",Vaginal
1130,"Gestational age 39 weeks. Maternal age 30, gravida 1, parity 0. Diabetes: no. Hypertension: yes. Preeclampsia: no. Premature rupture of membranes: no. Pyrexia: no. Meconium: no. Labor induced: no. Presentation: breech. CTG: 0 early decelerations, 0 variable decelerations, 0 late decelerations, 0 prolonged decelerations, 0 accelerations, 0 uterine contractions.",Vaginal
1131,"Gestational age 39 weeks. Maternal age 33, gravida 1, parity 0. Diabetes: no. Hypertension: no. Preeclampsia: no. Premature rupture of membranes: no. Pyrexia: no. Meconium: no. Labor induced: no. Presentation: breech. CTG: 0 early decelerations, 0 variable decelerations, 0 late decelerations, 0 prolonged decelerations, 0 accelerations, 10 uterine contractions.",Vaginal
1132,"Gestational age 40 weeks. Maternal age 33, gravida 4, parity 1. Diabetes: no. Hypertension: no. Preeclampsia: no. Premature rupture of membranes: yes. Pyrexia: no. Meconium: no. Labor induced: no. Presentation: breech. CTG: 0 early decelerations, 0 variable decelerations, 0 late decelerations, 0 prolonged decelerations, 0 accelerations, 11 uterine contractions.",Vaginal
1133,"Gestational age 39 weeks. Maternal age 27, gravida 1, parity 0. Diabetes: no. Hypertension: no. Preeclampsia: no. Premature rupture of membranes: no. Pyrexia: no. Meconium: no. Labor induced: no. Presentation: breech. CTG: 0 early decelerations, 1 variable decelerations, 0 late decelerations, 0 prolonged decelerations, 1 accelerations, 5 uterine contractions.",Vaginal
1134,"Gestational age 40 weeks. Maternal age 30, gravida 1, parity 1. Diabetes: no. Hypertension: no. Preeclampsia: no. Premature rupture of membranes: no. Pyrexia: no. Meconium: no. Labor induced: no. Presentation: other. CTG: 0 early decelerations, 0 variable decelerations, 0 late decelerations, 0 prolonged decelerations, 0 accelerations, 4 uterine contractions.",Vaginal
1135,"Gestational age 39 weeks. Maternal age 26, gravida 1, parity 0. Diabetes: no. Hypertension: no. Preeclampsia: no. Premature rupture of membranes: yes. Pyrexia: no. Meconium: no. Labor induced: no. Presentation: breech. CTG: 0 early decelerations, 2 variable decelerations, 2 late decelerations, 0 prolonged decelerations, 2 accelerations, 15 uterine contractions.",Vaginal
1136,"Gestational age 40 weeks. Maternal age 37, gravida 7, parity 7. Diabetes: no. Hypertension: no. Preeclampsia: no. Premature rupture of membranes: no. Pyrexia: no. Meconium: no. Labor induced: no. Presentation: breech. CTG: 7 early decelerations, 2 variable decelerations, 0 late decelerations, 0 prolonged decelerations, 4 accelerations, 28 uterine contractions.",Vaginal
1137,"Gestational age 41 weeks. Maternal age 35, gravida 1, parity 1. Diabetes: no. Hypertension: no. Preeclampsia: no. Premature rupture of membranes: yes. Pyrexia: no. Meconium: no. Labor induced: no. Presentation: breech. CTG: 0 early decelerations, 0 variable decelerations, 0 late decelerations, 0 prolonged decelerations, 0 accelerations, 16 uterine contractions.",Vaginal
1138,"Gestational age 40 weeks. Maternal age 32, gravida 1, parity 0. Diabetes: no. Hypertension: no. Preeclampsia: no. Premature rupture of membranes: no. Pyrexia: no. Meconium: no. Labor induced: no. Presentation: cephalic. CTG: 0 early decelerations, 4 variable decelerations, 0 late decelerations, 0 prolonged decelerations, 0 accelerations, 1 uterine contractions.",Vaginal
1139,"Gestational age 41 weeks. Maternal age 30, gravida 3, parity 1. Diabetes: no. Hypertension: no. Preeclampsia: no. Premature rupture of membranes: no. Pyrexia: no. Meconium: no. Labor induced: no. Presentation: breech. CTG: 5 early decelerations, 0 variable decelerations, 0 late decelerations, 0 prolonged decelerations, 1 accelerations, 25 uterine contractions.",Vaginal
1140,"Gestational age 40 weeks. Maternal age 31, gravida 1, parity 0. Diabetes: no. Hypertension: no. Preeclampsia: no. Premature rupture of membranes: yes. Pyrexia: no. Meconium: no. Labor induced: no. Presentation: breech. CTG: 2 early decelerations, 0 variable decelerations, 0 late decelerations, 0 prolonged decelerations, 3 accelerations, 25 uterine contractions.",Vaginal
1141,"Gestational age 40 weeks. Maternal age 25, gravida 1, parity 0. Diabetes: no. Hypertension: no. Preeclampsia: no. Premature rupture of membranes: no. Pyrexia: no. Meconium: no. Labor induced: no. Presentation: breech. CTG: 0 early decelerations, 3 variable decelerations, 0 late decelerations, 0 prolonged decelerations, 3 accelerations, 2 uterine contractions.",Vaginal
1142,"Gestational age 41 weeks. Maternal age 34, gravida 4, parity 1. Diabetes: no. Hypertension: no. Preeclampsia: no. Premature rupture of membranes: no. Pyrexia: no. Meconium: yes. Labor induced: yes. Presentation: breech. CTG: 0 early decelerations, 5 variable decelerations, 2 late decelerations, 1 prolonged decelerations, 0 accelerations, 2 uterine contractions.",Vaginal
1143,"Gestational age 41 weeks. Maternal age 27, gravida 1, parity 0. Diabetes: no. Hypertension: no. Preeclampsia: no. Premature rupture of membranes: no. Pyrexia: no. Meconium: no. Labor induced: no. Presentation: breech. CTG: 2 early decelerations, 0 variable decelerations, 0 late decelerations, 0 prolonged decelerations, 0 accelerations, 23 uterine contractions.",Vaginal
1144,"Gestational age 40 weeks. Maternal age 31, gravida 2, parity 1. Diabetes: no. Hypertension: no. Preeclampsia: no. Premature rupture of membranes: no. Pyrexia: no. Meconium: no. Labor induced: yes. Presentation: other. CTG: 3 early decelerations, 0 variable decelerations, 0 late decelerations, 0 prolonged decelerations, 1 accelerations, 11 uterine contractions.",Vaginal
1145,"Gestational age 41 weeks. Maternal age 28, gravida 1, parity 0. Diabetes: no. Hypertension: no. Preeclampsia: no. Premature rupture of membranes: no. Pyrexia: no. Meconium: no. Labor induced: no. Presentation: breech. CTG: 0 early decelerations, 0 variable decelerations, 0 late decelerations, 1 prolonged decelerations, 0 accelerations, 0 uterine contractions.",Vaginal
1146,"Gestational age 41 weeks. Maternal age 29, gravida 1, parity 1. Diabetes: no. Hypertension: no. Preeclampsia: no. Premature rupture of membranes: yes. Pyrexia: no. Meconium: no. Labor induced: no. Presentation: breech. CTG: 0 early decelerations, 2 variable decelerations, 0 late decelerations, 0 prolonged decelerations, 0 accelerations, 11 uterine contractions.",Vaginal
1147,"Gestational age 39 weeks. Maternal age 35, gravida 1, parity 0. Diabetes: no. Hypertension: yes. Preeclampsia: no. Premature rupture of membranes: no. Pyrexia: no. Meconium: no. Labor induced: yes. Presentation: breech. CTG: 0 early decelerations, 0 variable decelerations, 0 late decelerations, 0 prolonged decelerations, 0 accelerations, 0 uterine contractions.",Vaginal
1148,"Gestational age 41 weeks. Maternal age 30, gravida 1, parity 0. Diabetes: no. Hypertension: no. Preeclampsia: no. Premature rupture of membranes: no. Pyrexia: no. Meconium: no. Labor induced: no. Presentation: breech. CTG: 0 early decelerations, 1 variable decelerations, 0 late decelerations, 0 prolonged decelerations, 4 accelerations, 2 uterine contractions.",Vaginal
1149,"Gestational age 41 weeks. Maternal age 32, gravida 1, parity 0. Diabetes: yes. Hypertension: no. Preeclampsia: no. Premature rupture of membranes: no. Pyrexia: no. Meconium: no. Labor induced: yes. Presentation: breech. CTG: 0 early decelerations, 0 variable decelerations, 0 late decelerations, 0 prolonged decelerations, 6 accelerations, 0 uterine contractions.",Vaginal
1150,"Gestational age 40 weeks. Maternal age 25, gravida 1, parity 0. Diabetes: no. Hypertension: no. Preeclampsia: no. Premature rupture of membranes: no. Pyrexia: no. Meconium: no. Labor induced: yes. Presentation: cephalic. CTG: 0 early decelerations, 0 variable decelerations, 0 late decelerations, 0 prolonged decelerations, 1 accelerations, 5 uterine contractions.",Vaginal
1151,"Gestational age 41 weeks. Maternal age 26, gravida 1, parity 1. Diabetes: no. Hypertension: no. Preeclampsia: no. Premature rupture of membranes: no. Pyrexia: no. Meconium: yes. Labor induced: yes. Presentation: breech. CTG: 0 early decelerations, 0 variable decelerations, 0 late decelerations, 0 prolonged decelerations, 2 accelerations, 0 uterine contractions.",Vaginal
1152,"Gestational age 40 weeks. Maternal age 34, gravida 1, parity 1. Diabetes: no. Hypertension: no. Preeclampsia: no. Premature rupture of membranes: yes. Pyrexia: no. Meconium: no. Labor induced: no. Presentation: breech. CTG: 1 early decelerations, 0 variable decelerations, 0 late decelerations, 0 prolonged decelerations, 0 accelerations, 33 uterine contractions.",Vaginal
1153,"Gestational age 40 weeks. Maternal age 23, gravida 1, parity 0. Diabetes: no. Hypertension: no. Preeclampsia: no. Premature rupture of membranes: no. Pyrexia: no. Meconium: no. Labor induced: no. Presentation: breech. CTG: 10 early decelerations, 1 variable decelerations, 1 late decelerations, 0 prolonged decelerations, 0 accelerations, 22 uterine contractions.",Vaginal
1154,"Gestational age 39 weeks. Maternal age 30, gravida 1, parity 0. Diabetes: no. Hypertension: no. Preeclampsia: no. Premature rupture of membranes: no. Pyrexia: no. Meconium: no. Labor induced: yes. Presentation: cephalic. CTG: 2 early decelerations, 5 variable decelerations, 0 late decelerations, 0 prolonged decelerations, 10 accelerations, 31 uterine contractions.",Vaginal
1155,"Gestational age 38 weeks. Maternal age 24, gravida 1, parity 0. Diabetes: no. Hypertension: no. Preeclampsia: no. Premature rupture of membranes: yes. Pyrexia: no. Meconium: no. Labor induced: yes. Presentation: breech. CTG: 0 early decelerations, 3 variable decelerations, 0 late decelerations, 0 prolonged decelerations, 0 accelerations, 0 uterine contractions.",Vaginal
1156,"Gestational age 41 weeks. Maternal age 33, gravida 3, parity 1. Diabetes: no. Hypertension: no. Preeclampsia: no. Premature rupture of membranes: no. Pyrexia: no. Meconium: no. Labor induced: yes. Presentation: breech. CTG: 0 early decelerations, 0 variable decelerations, 0 late decelerations, 1 prolonged decelerations, 0 accelerations, 25 uterine contractions.",Vaginal
1157,"Gestational age 41 weeks. Maternal age 27, gravida 1, parity 0. Diabetes: no. Hypertension: no. Preeclampsia: no. Premature rupture of membranes: yes. Pyrexia: no. Meconium: no. Labor induced: no. Presentation: other. CTG: 0 early decelerations, 2 variable decelerations, 0 late decelerations, 0 prolonged decelerations, 4 accelerations, 0 uterine contractions.",Vaginal
1158,"Gestational age 40 weeks. Maternal age 27, gravida 1, parity 0. Diabetes: no. Hypertension: no. Preeclampsia: no. Premature rupture of membranes: yes. Pyrexia: no. Meconium: no. Labor induced: no. Presentation: breech. CTG: 0 early decelerations, 0 variable decelerations, 0 late decelerations, 0 prolonged decelerations, 0 accelerations, 0 uterine contractions.",Vaginal
1159,"Gestational age 41 weeks. Maternal age 27, gravida 1, parity 0. Diabetes: no. Hypertension: yes. Preeclampsia: no. Premature rupture of membranes: yes. Pyrexia: no. Meconium: no. Labor induced: no. Presentation: other. CTG: 2 early decelerations, 1 variable decelerations, 1 late decelerations, 0 prolonged decelerations, 4 accelerations, 13 uterine contractions.",Vaginal
1160,"Gestational age 41 weeks. Maternal age 26, gravida 1, parity 0. Diabetes: yes. Hypertension: no. Preeclampsia: no. Premature rupture of membranes: yes. Pyrexia: no. Meconium: no. Labor induced: no. Presentation: breech. CTG: 0 early decelerations, 0 variable decelerations, 0 late decelerations, 0 prolonged decelerations, 0 accelerations, 15 uterine contractions.",Vaginal
1161,"Gestational age 41 weeks. Maternal age 27, gravida 1, parity 0. Diabetes: no. Hypertension: no. Preeclampsia: no. Premature rupture of membranes: no. Pyrexia: no. Meconium: no. Labor induced: no. Presentation: breech. CTG: 1 early decelerations, 3 variable decelerations, 0 late decelerations, 0 prolonged decelerations, 2 accelerations, 5 uterine contractions.",Vaginal
1162,"Gestational age 39 weeks. Maternal age 28, gravida 2, parity 2. Diabetes: no. Hypertension: no. Preeclampsia: no. Premature rupture of membranes: no. Pyrexia: no. Meconium: no. Labor induced: yes. Presentation: breech. CTG: 4 early decelerations, 5 variable decelerations, 1 late decelerations, 0 prolonged decelerations, 2 accelerations, 14 uterine contractions.",Vaginal
1163,"Gestational age 41 weeks. Maternal age 32, gravida 1, parity 1. Diabetes: no. Hypertension: no. Preeclampsia: no. Premature rupture of membranes: yes. Pyrexia: no. Meconium: yes. Labor induced: yes. Presentation: breech. CTG: 1 early decelerations, 3 variable decelerations, 1 late decelerations, 0 prolonged decelerations, 1 accelerations, 16 uterine contractions.",Vaginal
1164,"Gestational age 40 weeks. Maternal age 30, gravida 1, parity 0. Diabetes: no. Hypertension: no. Preeclampsia: no. Premature rupture of membranes: no. Pyrexia: no. Meconium: no. Labor induced: no. Presentation: other. CTG: 0 early decelerations, 0 variable decelerations, 0 late decelerations, 0 prolonged decelerations, 0 accelerations, 0 uterine contractions.",Vaginal
1165,"Gestational age 38 weeks. Maternal age 18, gravida 1, parity 0. Diabetes: no. Hypertension: yes. Preeclampsia: no. Premature rupture of membranes: no. Pyrexia: no. Meconium: no. Labor induced: yes. Presentation: breech. CTG: 2 early decelerations, 1 variable decelerations, 0 late decelerations, 0 prolonged decelerations, 0 accelerations, 4 uterine contractions.",Vaginal
1166,"Gestational age 40 weeks. Maternal age 24, gravida 1, parity 0. Diabetes: no. Hypertension: no. Preeclampsia: no. Premature rupture of membranes: yes. Pyrexia: no. Meconium: no. Labor induced: yes. Presentation: breech. CTG: 8 early decelerations, 0 variable decelerations, 0 late decelerations, 0 prolonged decelerations, 0 accelerations, 28 uterine contractions.",Vaginal
1167,"Gestational age 40 weeks. Maternal age 32, gravida 3, parity 1. Diabetes: no. Hypertension: no. Preeclampsia: no. Premature rupture of membranes: no. Pyrexia: no. Meconium: no. Labor induced: yes. Presentation: breech. CTG: 6 early decelerations, 4 variable decelerations, 0 late decelerations, 0 prolonged decelerations, 0 accelerations, 22 uterine contractions.",Vaginal
1168,"Gestational age 37 weeks. Maternal age 32, gravida 3, parity 2. Diabetes: no. Hypertension: no. Preeclampsia: no. Premature rupture of membranes: no. Pyrexia: no. Meconium: no. Labor induced: no. Presentation: breech. CTG: 0 early decelerations, 4 variable decelerations, 0 late decelerations, 0 prolonged decelerations, 1 accelerations, 0 uterine contractions.",Vaginal
1169,"Gestational age 40 weeks. Maternal age 18, gravida 1, parity 0. Diabetes: no. Hypertension: no. Preeclampsia: no. Premature rupture of membranes: no. Pyrexia: no. Meconium: no. Labor induced: no. Presentation: breech. CTG: 1 early decelerations, 5 variable decelerations, 0 late decelerations, 1 prolonged decelerations, 1 accelerations, 8 uterine contractions.",Vaginal
1170,"Gestational age 39 weeks. Maternal age 32, gravida 2, parity 0. Diabetes: no. Hypertension: no. Preeclampsia: no. Premature rupture of membranes: no. Pyrexia: no. Meconium: no. Labor induced: yes. Presentation: breech. CTG: 2 early decelerations, 4 variable decelerations, 1 late decelerations, 1 prolonged decelerations, 4 accelerations, 9 uterine contractions.",Vaginal
1171,"Gestational age 40 weeks. Maternal age 42, gravida 3, parity 1. Diabetes: no. Hypertension: no. Preeclampsia: no. Premature rupture of membranes: no. Pyrexia: no. Meconium: no. Labor induced: no. Presentation: breech. CTG: 0 early decelerations, 0 variable decelerations, 0 late decelerations, 0 prolonged decelerations, 0 accelerations, 13 uterine contractions.",Vaginal
1172,"Gestational age 41 weeks. Maternal age 26, gravida 1, parity 0. Diabetes: no. Hypertension: no. Preeclampsia: no. Premature rupture of membranes: no. Pyrexia: no. Meconium: no. Labor induced: no. Presentation: breech. CTG: 0 early decelerations, 3 variable decelerations, 2 late decelerations, 0 prolonged decelerations, 0 accelerations, 27 uterine contractions.",Vaginal
1173,"Gestational age 39 weeks. Maternal age 30, gravida 1, parity 0. Diabetes: no. Hypertension: no. Preeclampsia: no. Premature rupture of membranes: yes. Pyrexia: no. Meconium: no. Labor induced: no. Presentation: breech. CTG: 0 early decelerations, 0 variable decelerations, 0 late decelerations, 0 prolonged decelerations, 0 accelerations, 7 uterine contractions.",Vaginal
1174,"Gestational age 39 weeks. Maternal age 30, gravida 2, parity 0. Diabetes: no. Hypertension: no. Preeclampsia: no. Premature rupture of membranes: no. Pyrexia: no. Meconium: no. Labor induced: no. Presentation: breech. CTG: 0 early decelerations, 0 variable decelerations, 0 late decelerations, 0 prolonged decelerations, 0 accelerations, 29 uterine contractions.",Vaginal
1175,"Gestational age 40 weeks. Maternal age 38, gravida 1, parity 1. Diabetes: no. Hypertension: no. Preeclampsia: no. Premature rupture of membranes: no. Pyrexia: yes. Meconium: no. Labor induced: no. Presentation: breech. CTG: 2 early decelerations, 0 variable decelerations, 0 late decelerations, 0 prolonged decelerations, 0 accelerations, 26 uterine contractions.",Vaginal
1176,"Gestational age 39 weeks. Maternal age 30, gravida 1, parity 0. Diabetes: no. Hypertension: no. Preeclampsia: no. Premature rupture of membranes: no. Pyrexia: no. Meconium: no. Labor induced: no. Presentation: breech. CTG: 10 early decelerations, 0 variable decelerations, 0 late decelerations, 0 prolonged decelerations, 4 accelerations, 26 uterine contractions.",Vaginal
1177,"Gestational age 41 weeks. Maternal age 30, gravida 1, parity 1. Diabetes: no. Hypertension: no. Preeclampsia: no. Premature rupture of membranes: no. Pyrexia: no. Meconium: no. Labor induced: no. Presentation: breech. CTG: 2 early decelerations, 1 variable decelerations, 0 late decelerations, 0 prolonged decelerations, 1 accelerations, 0 uterine contractions.",Vaginal
1178,"Gestational age 42 weeks. Maternal age 32, gravida 1, parity 1. Diabetes: no. Hypertension: no. Preeclampsia: no. Premature rupture of membranes: no. Pyrexia: no. Meconium: no. Labor induced: yes. Presentation: breech. CTG: 2 early decelerations, 1 variable decelerations, 4 late decelerations, 2 prolonged decelerations, 0 accelerations, 21 uterine contractions.",Vaginal
1179,"Gestational age 40 weeks. Maternal age 30, gravida 1, parity 1. Diabetes: no. Hypertension: no. Preeclampsia: no. Premature rupture of membranes: no. Pyrexia: no. Meconium: yes. Labor induced: no. Presentation: breech. CTG: 8 early decelerations, 0 variable decelerations, 0 late decelerations, 0 prolonged decelerations, 0 accelerations, 24 uterine contractions.",Vaginal
1180,"Gestational age 39 weeks. Maternal age 35, gravida 3, parity 1. Diabetes: no. Hypertension: no. Preeclampsia: no. Premature rupture of membranes: yes. Pyrexia: no. Meconium: no. Labor induced: yes. Presentation: breech. CTG: 18 early decelerations, 10 variable decelerations, 4 late decelerations, 0 prolonged decelerations, 17 accelerations, 31 uterine contractions.",Vaginal
1181,"Gestational age 38 weeks. Maternal age 31, gravida 2, parity 1. Diabetes: no. Hypertension: no. Preeclampsia: no. Premature rupture of membranes: yes. Pyrexia: no. Meconium: no. Labor induced: no. Presentation: breech. CTG: 0 early decelerations, 0 variable decelerations, 0 late decelerations, 0 prolonged decelerations, 1 accelerations, 10 uterine contractions.",Vaginal
1182,"Gestational age 40 weeks. Maternal age 34, gravida 1, parity 1. Diabetes: yes. Hypertension: no. Preeclampsia: no. Premature rupture of membranes: yes. Pyrexia: no. Meconium: no. Labor induced: no. Presentation: breech. CTG: 5 early decelerations, 0 variable decelerations, 0 late decelerations, 0 prolonged decelerations, 1 accelerations, 16 uterine contractions.",Vaginal
1183,"Gestational age 42 weeks. Maternal age 23, gravida 1, parity 0. Diabetes: no. Hypertension: no. Preeclampsia: no. Premature rupture of membranes: no. Pyrexia: no. Meconium: no. Labor induced: no. Presentation: breech. CTG: 3 early decelerations, 0 variable decelerations, 0 late decelerations, 0 prolonged decelerations, 2 accelerations, 31 uterine contractions.",Vaginal
1184,"Gestational age 41 weeks. Maternal age 23, gravida 4, parity 0. Diabetes: no. Hypertension: no. Preeclampsia: no. Premature rupture of membranes: no. Pyrexia: no. Meconium: no. Labor induced: yes. Presentation: breech. CTG: 0 early decelerations, 0 variable decelerations, 2 late decelerations, 0 prolonged decelerations, 0 accelerations, 16 uterine contractions.",Vaginal
1185,"Gestational age 41 weeks. Maternal age 27, gravida 1, parity 0. Diabetes: no. Hypertension: no. Preeclampsia: no. Premature rupture of membranes: no. Pyrexia: no. Meconium: no. Labor induced: no. Presentation: breech. CTG: 0 early decelerations, 2 variable decelerations, 4 late decelerations, 0 prolonged decelerations, 0 accelerations, 25 uterine contractions.",Vaginal
1186,"Gestational age 40 weeks. Maternal age 37, gravida 1, parity 0. Diabetes: no. Hypertension: yes. Preeclampsia: no. Premature rupture of membranes: no. Pyrexia: no. Meconium: no. Labor induced: yes. Presentation: breech. CTG: 0 early decelerations, 2 variable decelerations, 0 late decelerations, 0 prolonged decelerations, 2 accelerations, 0 uterine contractions.",Vaginal
1187,"Gestational age 40 weeks. Maternal age 38, gravida 1, parity 0. Diabetes: no. Hypertension: no. Preeclampsia: no. Premature rupture of membranes: yes. Pyrexia: no. Meconium: no. Labor induced: no. Presentation: breech. CTG: 0 early decelerations, 1 variable decelerations, 1 late decelerations, 0 prolonged decelerations, 2 accelerations, 3 uterine contractions.",Vaginal
1188,"Gestational age 41 weeks. Maternal age 35, gravida 4, parity 1. Diabetes: no. Hypertension: no. Preeclampsia: no. Premature rupture of membranes: no. Pyrexia: no. Meconium: no. Labor induced: yes. Presentation: breech. CTG: 0 early decelerations, 5 variable decelerations, 0 late decelerations, 0 prolonged decelerations, 0 accelerations, 0 uterine contractions.",Vaginal
1189,"Gestational age 39 weeks. Maternal age 28, gravida 1, parity 1. Diabetes: yes. Hypertension: no. Preeclampsia: no. Premature rupture of membranes: yes. Pyrexia: no. Meconium: no. Labor induced: no. Presentation: breech. CTG: 0 early decelerations, 1 variable decelerations, 0 late decelerations, 0 prolonged decelerations, 1 accelerations, 23 uterine contractions.",Vaginal
1190,"Gestational age 41 weeks. Maternal age 33, gravida 1, parity 1. Diabetes: no. Hypertension: no. Preeclampsia: no. Premature rupture of membranes: no. Pyrexia: no. Meconium: no. Labor induced: no. Presentation: other. CTG: 4 early decelerations, 6 variable decelerations, 2 late decelerations, 0 prolonged decelerations, 0 accelerations, 9 uterine contractions.",Vaginal
1191,"Gestational age 40 weeks. Maternal age 34, gravida 3, parity 3. Diabetes: no. Hypertension: no. Preeclampsia: no. Premature rupture of membranes: yes. Pyrexia: yes. Meconium: no. Labor induced: no. Presentation: breech. CTG: 0 early decelerations, 7 variable decelerations, 0 late decelerations, 0 prolonged decelerations, 2 accelerations, 11 uterine contractions.",Vaginal
1192,"Gestational age 40 weeks. Maternal age 26, gravida 1, parity 0. Diabetes: no. Hypertension: no. Preeclampsia: no. Premature rupture of membranes: yes. Pyrexia: no. Meconium: no. Labor induced: no. Presentation: breech. CTG: 0 early decelerations, 1 variable decelerations, 0 late decelerations, 0 prolonged decelerations, 1 accelerations, 11 uterine contractions.",Vaginal
1193,"Gestational age 40 weeks. Maternal age 28, gravida 1, parity 0. Diabetes: no. Hypertension: no. Preeclampsia: no. Premature rupture of membranes: no. Pyrexia: no. Meconium: yes. Labor induced: no. Presentation: breech. CTG: 2 early decelerations, 1 variable decelerations, 1 late decelerations, 0 prolonged decelerations, 2 accelerations, 23 uterine contractions.",Vaginal
1194,"Gestational age 40 weeks. Maternal age 31, gravida 1, parity 0. Diabetes: no. Hypertension: no. Preeclampsia: no. Premature rupture of membranes: no. Pyrexia: no. Meconium: no. Labor induced: yes. Presentation: breech. CTG: 3 early decelerations, 3 variable decelerations, 0 late decelerations, 0 prolonged decelerations, 6 accelerations, 11 uterine contractions.",Vaginal
1195,"Gestational age 41 weeks. Maternal age 31, gravida 1, parity 0. Diabetes: no. Hypertension: no. Preeclampsia: no. Premature rupture of membranes: no. Pyrexia: no. Meconium: no. Labor induced: yes. Presentation: other. CTG: 0 early decelerations, 7 variable decelerations, 0 late decelerations, 0 prolonged decelerations, 2 accelerations, 3 uterine contractions.",Vaginal
1196,"Gestational age 41 weeks. Maternal age 32, gravida 1, parity 0. Diabetes: yes. Hypertension: no. Preeclampsia: no. Premature rupture of membranes: no. Pyrexia: no. Meconium: yes. Labor induced: no. Presentation: breech. CTG: 0 early decelerations, 0 variable decelerations, 0 late decelerations, 0 prolonged decelerations, 0 accelerations, 4 uterine contractions.",Vaginal
1197,"Gestational age 39 weeks. Maternal age 29, gravida 1, parity 0. Diabetes: no. Hypertension: no. Preeclampsia: no. Premature rupture of membranes: yes. Pyrexia: no. Meconium: no. Labor induced: yes. Presentation: breech. CTG: 3 early decelerations, 8 variable decelerations, 2 late decelerations, 0 prolonged decelerations, 2 accelerations, 15 uterine contractions.",Vaginal
1198,"Gestational age 39 weeks. Maternal age 35, gravida 5, parity 2. Diabetes: no. Hypertension: no. Preeclampsia: no. Premature rupture of membranes: yes. Pyrexia: no. Meconium: no. Labor induced: no. Presentation: breech. CTG: 0 early decelerations, 0 variable decelerations, 0 late decelerations, 1 prolonged decelerations, 0 accelerations, 12 uterine contractions.",Vaginal
1199,"Gestational age 40 weeks. Maternal age 33, gravida 3, parity 1. Diabetes: no. Hypertension: yes. Preeclampsia: no. Premature rupture of membranes: no. Pyrexia: no. Meconium: no. Labor induced: yes. Presentation: breech. CTG: 0 early decelerations, 1 variable decelerations, 0 late decelerations, 0 prolonged decelerations, 0 accelerations, 9 uterine contractions.",Vaginal
1200,"Gestational age 39 weeks. Maternal age 30, gravida 1, parity 0. Diabetes: no. Hypertension: no. Preeclampsia: no. Premature rupture of membranes: no. Pyrexia: no. Meconium: no. Labor induced: no. Presentation: breech. CTG: 1 early decelerations, 2 variable decelerations, 0 late decelerations, 0 prolonged decelerations, 3 accelerations, 21 uterine contractions.",Vaginal
1201,"Gestational age 41 weeks. Maternal age 33, gravida 2, parity 2. Diabetes: no. Hypertension: no. Preeclampsia: no. Premature rupture of membranes: no. Pyrexia: no. Meconium: no. Labor induced: no. Presentation: breech. CTG: 10 early decelerations, 0 variable decelerations, 1 late decelerations, 0 prolonged decelerations, 0 accelerations, 33 uterine contractions.",Vaginal
1202,"Gestational age 40 weeks. Maternal age 34, gravida 1, parity 0. Diabetes: no. Hypertension: yes. Preeclampsia: no. Premature rupture of membranes: no. Pyrexia: no. Meconium: yes. Labor induced: no. Presentation: breech. CTG: 3 early decelerations, 3 variable decelerations, 0 late decelerations, 0 prolonged decelerations, 3 accelerations, 5 uterine contractions.",Vaginal
1203,"Gestational age 40 weeks. Maternal age 38, gravida 1, parity 0. Diabetes: no. Hypertension: no. Preeclampsia: no. Premature rupture of membranes: yes. Pyrexia: no. Meconium: no. Labor induced: no. Presentation: breech. CTG: 0 early decelerations, 0 variable decelerations, 0 late decelerations, 0 prolonged decelerations, 5 accelerations, 22 uterine contractions.",Vaginal
1204,"Gestational age 39 weeks. Maternal age 34, gravida 1, parity 1. Diabetes: no. Hypertension: yes. Preeclampsia: no. Premature rupture of membranes: no. Pyrexia: no. Meconium: yes. Labor induced: no. Presentation: breech. CTG: 0 early decelerations, 8 variable decelerations, 0 late decelerations, 0 prolonged decelerations, 5 accelerations, 0 uterine contractions.",Vaginal
1205,"Gestational age 39 weeks. Maternal age 29, gravida 1, parity 0. Diabetes: yes. Hypertension: no. Preeclampsia: no. Premature rupture of membranes: no. Pyrexia: no. Meconium: no. Labor induced: no. Presentation: breech. CTG: 0 early decelerations, 12 variable decelerations, 0 late decelerations, 0 prolonged decelerations, 0 accelerations, 0 uterine contractions.",Vaginal
1206,"Gestational age 41 weeks. Maternal age 25, gravida 1, parity 0. Diabetes: no. Hypertension: no. Preeclampsia: no. Premature rupture of membranes: no. Pyrexia: no. Meconium: no. Labor induced: no. Presentation: breech. CTG: 2 early decelerations, 0 variable decelerations, 0 late decelerations, 0 prolonged decelerations, 0 accelerations, 17 uterine contractions.",Vaginal
1207,"Gestational age 39 weeks. Maternal age 30, gravida 1, parity 1. Diabetes: no. Hypertension: no. Preeclampsia: no. Premature rupture of membranes: no. Pyrexia: no. Meconium: no. Labor induced: no. Presentation: breech. CTG: 2 early decelerations, 12 variable decelerations, 1 late decelerations, 0 prolonged decelerations, 0 accelerations, 3 uterine contractions.",Vaginal
1208,"Gestational age 40 weeks. Maternal age 26, gravida 1, parity 0. Diabetes: no. Hypertension: no. Preeclampsia: no. Premature rupture of membranes: no. Pyrexia: no. Meconium: yes. Labor induced: no. Presentation: breech. CTG: 0 early decelerations, 0 variable decelerations, 0 late decelerations, 0 prolonged decelerations, 0 accelerations, 21 uterine contractions.",Vaginal
1209,"Gestational age 40 weeks. Maternal age 37, gravida 1, parity 0. Diabetes: no. Hypertension: no. Preeclampsia: no. Premature rupture of membranes: no. Pyrexia: no. Meconium: no. Labor induced: no. Presentation: breech. CTG: 0 early decelerations, 0 variable decelerations, 0 late decelerations, 0 prolonged decelerations, 5 accelerations, 10 uterine contractions.",Vaginal
1210,"Gestational age 39 weeks. Maternal age 25, gravida 1, parity 0. Diabetes: no. Hypertension: yes. Preeclampsia: no. Premature rupture of membranes: yes. Pyrexia: no. Meconium: no. Labor induced: no. Presentation: breech. CTG: 0 early decelerations, 0 variable decelerations, 1 late decelerations, 0 prolonged decelerations, 0 accelerations, 11 uterine contractions.",Vaginal
1211,"Gestational age 42 weeks. Maternal age 37, gravida 1, parity 0. Diabetes: no. Hypertension: no. Preeclampsia: no. Premature rupture of membranes: no. Pyrexia: no. Meconium: no. Labor induced: yes. Presentation: breech. CTG: 4 early decelerations, 0 variable decelerations, 0 late decelerations, 0 prolonged decelerations, 1 accelerations, 18 uterine contractions.",Vaginal
1212,"Gestational age 41 weeks. Maternal age 34, gravida 3, parity 1. Diabetes: no. Hypertension: no. Preeclampsia: no. Premature rupture of membranes: no. Pyrexia: no. Meconium: no. Labor induced: yes. Presentation: breech. CTG: 0 early decelerations, 3 variable decelerations, 1 late decelerations, 0 prolonged decelerations, 0 accelerations, 5 uterine contractions.",Vaginal
1213,"Gestational age 40 weeks. Maternal age 30, gravida 1, parity 0. Diabetes: no. Hypertension: no. Preeclampsia: yes. Premature rupture of membranes: no. Pyrexia: no. Meconium: no. Labor induced: no. Presentation: breech. CTG: 1 early decelerations, 0 variable decelerations, 0 late decelerations, 0 prolonged decelerations, 0 accelerations, 15 uterine contractions.",Vaginal
1214,"Gestational age 40 weeks. Maternal age 30, gravida 1, parity 0. Diabetes: no. Hypertension: no. Preeclampsia: no. Premature rupture of membranes: yes. Pyrexia: no. Meconium: no. Labor induced: no. Presentation: breech. CTG: 0 early decelerations, 1 variable decelerations, 0 late decelerations, 0 prolonged decelerations, 0 accelerations, 15 uterine contractions.",Vaginal
1215,"Gestational age 40 weeks. Maternal age 30, gravida 1, parity 0. Diabetes: no. Hypertension: no. Preeclampsia: no. Premature rupture of membranes: yes. Pyrexia: no. Meconium: no. Labor induced: no. Presentation: breech. CTG: 0 early decelerations, 0 variable decelerations, 0 late decelerations, 0 prolonged decelerations, 0 accelerations, 14 uterine contractions.",Vaginal
1216,"Gestational age 40 weeks. Maternal age 29, gravida 1, parity 1. Diabetes: no. Hypertension: no. Preeclampsia: no. Premature rupture of membranes: no. Pyrexia: no. Meconium: no. Labor induced: no. Presentation: breech. CTG: 0 early decelerations, 0 variable decelerations, 0 late decelerations, 0 prolonged decelerations, 0 accelerations, 11 uterine contractions.",Vaginal
1217,"Gestational age 41 weeks. Maternal age 28, gravida 1, parity 1. Diabetes: no. Hypertension: no. Preeclampsia: no. Premature rupture of membranes: yes. Pyrexia: no. Meconium: no. Labor induced: no. Presentation: breech. CTG: 2 early decelerations, 1 variable decelerations, 2 late decelerations, 0 prolonged decelerations, 2 accelerations, 14 uterine contractions.",Vaginal
1218,"Gestational age 41 weeks. Maternal age 27, gravida 1, parity 1. Diabetes: no. Hypertension: yes. Preeclampsia: no. Premature rupture of membranes: no. Pyrexia: no. Meconium: no. Labor induced: yes. Presentation: breech. CTG: 0 early decelerations, 0 variable decelerations, 0 late decelerations, 0 prolonged decelerations, 0 accelerations, 4 uterine contractions.",Vaginal
1219,"Gestational age 41 weeks. Maternal age 26, gravida 1, parity 0. Diabetes: no. Hypertension: no. Preeclampsia: no. Premature rupture of membranes: yes. Pyrexia: no. Meconium: no. Labor induced: yes. Presentation: breech. CTG: 2 early decelerations, 1 variable decelerations, 1 late decelerations, 1 prolonged decelerations, 2 accelerations, 12 uterine contractions.",Vaginal
1220,"Gestational age 42 weeks. Maternal age 34, gravida 2, parity 2. Diabetes: no. Hypertension: no. Preeclampsia: no. Premature rupture of membranes: no. Pyrexia: no. Meconium: yes. Labor induced: yes. Presentation: breech. CTG: 11 early decelerations, 1 variable decelerations, 3 late decelerations, 0 prolonged decelerations, 5 accelerations, 11 uterine contractions.",Vaginal
1221,"Gestational age 42 weeks. Maternal age 27, gravida 1, parity 1. Diabetes: no. Hypertension: no. Preeclampsia: no. Premature rupture of membranes: no. Pyrexia: no. Meconium: no. Labor induced: yes. Presentation: breech. CTG: 5 early decelerations, 1 variable decelerations, 0 late decelerations, 0 prolonged decelerations, 6 accelerations, 30 uterine contractions.",Vaginal
1222,"Gestational age 41 weeks. Maternal age 37, gravida 5, parity 1. Diabetes: no. Hypertension: no. Preeclampsia: no. Premature rupture of membranes: no. Pyrexia: no. Meconium: no. Labor induced: yes. Presentation: breech. CTG: 2 early decelerations, 1 variable decelerations, 0 late decelerations, 0 prolonged decelerations, 3 accelerations, 20 uterine contractions.",Vaginal
1223,"Gestational age 40 weeks. Maternal age 27, gravida 2, parity 1. Diabetes: no. Hypertension: no. Preeclampsia: no. Premature rupture of membranes: yes. Pyrexia: no. Meconium: no. Labor induced: no. Presentation: breech. CTG: 0 early decelerations, 0 variable decelerations, 0 late decelerations, 0 prolonged decelerations, 3 accelerations, 2 uterine contractions.",Vaginal
1224,"Gestational age 40 weeks. Maternal age 34, gravida unknown, parity 1. Diabetes: no. Hypertension: no. Preeclampsia: no. Premature rupture of membranes: no. Pyrexia: no. Meconium: no. Labor induced: yes. Presentation: breech. CTG: 5 early decelerations, 5 variable decelerations, 2 late decelerations, 0 prolonged decelerations, 3 accelerations, 33 uterine contractions.",Vaginal
1225,"Gestational age 41 weeks. Maternal age 32, gravida 2, parity 2. Diabetes: no. Hypertension: no. Preeclampsia: no. Premature rupture of membranes: no. Pyrexia: no. Meconium: no. Labor induced: yes. Presentation: breech. CTG: 0 early decelerations, 0 variable decelerations, 2 late decelerations, 0 prolonged decelerations, 1 accelerations, 16 uterine contractions.",Vaginal
1226,"Gestational age 39 weeks. Maternal age 30, gravida 1, parity 1. Diabetes: no. Hypertension: no. Preeclampsia: no. Premature rupture of membranes: yes. Pyrexia: no. Meconium: no. Labor induced: no. Presentation: breech. CTG: 5 early decelerations, 3 variable decelerations, 0 late decelerations, 0 prolonged decelerations, 7 accelerations, 16 uterine contractions.",Vaginal
1227,"Gestational age 41 weeks. Maternal age 30, gravida 1, parity 0. Diabetes: no. Hypertension: no. Preeclampsia: no. Premature rupture of membranes: no. Pyrexia: no. Meconium: no. Labor induced: yes. Presentation: breech. CTG: 1 early decelerations, 1 variable decelerations, 0 late decelerations, 0 prolonged decelerations, 0 accelerations, 1 uterine contractions.",Vaginal
1228,"Gestational age 41 weeks. Maternal age 34, gravida 1, parity 0. Diabetes: no. Hypertension: no. Preeclampsia: no. Premature rupture of membranes: no. Pyrexia: no. Meconium: no. Labor induced: no. Presentation: breech. CTG: 2 early decelerations, 0 variable decelerations, 0 late decelerations, 0 prolonged decelerations, 0 accelerations, 14 uterine contractions.",Vaginal
1229,"Gestational age 40 weeks. Maternal age 24, gravida 1, parity 0. Diabetes: no. Hypertension: yes. Preeclampsia: yes. Premature rupture of membranes: no. Pyrexia: no. Meconium: no. Labor induced: yes. Presentation: breech. CTG: 3 early decelerations, 3 variable decelerations, 1 late decelerations, 0 prolonged decelerations, 4 accelerations, 10 uterine contractions.",Vaginal
1230,"Gestational age 40 weeks. Maternal age 41, gravida 3, parity 3. Diabetes: no. Hypertension: no. Preeclampsia: no. Premature rupture of membranes: no. Pyrexia: no. Meconium: no. Labor induced: no. Presentation: breech. CTG: 0 early decelerations, 8 variable decelerations, 0 late decelerations, 0 prolonged decelerations, 0 accelerations, 0 uterine contractions.",Vaginal
1231,"Gestational age 41 weeks. Maternal age 30, gravida 2, parity 2. Diabetes: no. Hypertension: yes. Preeclampsia: no. Premature rupture of membranes: no. Pyrexia: no. Meconium: yes. Labor induced: yes. Presentation: breech. CTG: 0 early decelerations, 1 variable decelerations, 0 late decelerations, 0 prolonged decelerations, 4 accelerations, 16 uterine contractions.",Vaginal
1232,"Gestational age 40 weeks. Maternal age 36, gravida 1, parity 0. Diabetes: no. Hypertension: no. Preeclampsia: no. Premature rupture of membranes: no. Pyrexia: no. Meconium: no. Labor induced: no. Presentation: breech. CTG: 5 early decelerations, 0 variable decelerations, 0 late decelerations, 0 prolonged decelerations, 5 accelerations, 20 uterine contractions.",Vaginal
1233,"Gestational age 40 weeks. Maternal age 37, gravida 1, parity 1. Diabetes: no. Hypertension: no. Preeclampsia: no. Premature rupture of membranes: yes. Pyrexia: no. Meconium: no. Labor induced: no. Presentation: breech. CTG: 2 early decelerations, 2 variable decelerations, 0 late decelerations, 0 prolonged decelerations, 1 accelerations, 10 uterine contractions.",Vaginal
1234,"Gestational age 41 weeks. Maternal age 29, gravida 1, parity 0. Diabetes: no. Hypertension: no. Preeclampsia: no. Premature rupture of membranes: no. Pyrexia: no. Meconium: yes. Labor induced: no. Presentation: breech. CTG: 3 early decelerations, 0 variable decelerations, 0 late decelerations, 0 prolonged decelerations, 0 accelerations, 11 uterine contractions.",Vaginal
1235,"Gestational age 40 weeks. Maternal age 26, gravida 1, parity 1. Diabetes: no. Hypertension: no. Preeclampsia: no. Premature rupture of membranes: no. Pyrexia: no. Meconium: no. Labor induced: no. Presentation: breech. CTG: 1 early decelerations, 6 variable decelerations, 1 late decelerations, 0 prolonged decelerations, 2 accelerations, 6 uterine contractions.",Vaginal
1236,"Gestational age 41 weeks. Maternal age 29, gravida 1, parity 0. Diabetes: no. Hypertension: yes. Preeclampsia: yes. Premature rupture of membranes: no. Pyrexia: no. Meconium: yes. Labor induced: no. Presentation: breech. CTG: 1 early decelerations, 1 variable decelerations, 0 late decelerations, 0 prolonged decelerations, 2 accelerations, 12 uterine contractions.",Vaginal
1237,"Gestational age 39 weeks. Maternal age 32, gravida 1, parity 1. Diabetes: no. Hypertension: no. Preeclampsia: no. Premature rupture of membranes: no. Pyrexia: no. Meconium: no. Labor induced: no. Presentation: breech. CTG: 0 early decelerations, 3 variable decelerations, 1 late decelerations, 0 prolonged decelerations, 2 accelerations, 15 uterine contractions.",Vaginal
1238,"Gestational age 40 weeks. Maternal age 32, gravida 1, parity 0. Diabetes: no. Hypertension: no. Preeclampsia: no. Premature rupture of membranes: yes. Pyrexia: no. Meconium: yes. Labor induced: yes. Presentation: breech. CTG: 1 early decelerations, 0 variable decelerations, 0 late decelerations, 0 prolonged decelerations, 0 accelerations, 12 uterine contractions.",Vaginal
1239,"Gestational age 40 weeks. Maternal age 32, gravida 1, parity 0. Diabetes: no. Hypertension: no. Preeclampsia: no. Premature rupture of membranes: no. Pyrexia: no. Meconium: no. Labor induced: no. Presentation: breech. CTG: 0 early decelerations, 0 variable decelerations, 0 late decelerations, 0 prolonged decelerations, 0 accelerations, 9 uterine contractions.",Vaginal
1240,"Gestational age 41 weeks. Maternal age 29, gravida 1, parity 0. Diabetes: no. Hypertension: no. Preeclampsia: no. Premature rupture of membranes: no. Pyrexia: no. Meconium: no. Labor induced: no. Presentation: breech. CTG: 0 early decelerations, 1 variable decelerations, 0 late decelerations, 0 prolonged decelerations, 4 accelerations, 17 uterine contractions.",Vaginal
1241,"Gestational age 39 weeks. Maternal age 28, gravida 1, parity 0. Diabetes: no. Hypertension: no. Preeclampsia: yes. Premature rupture of membranes: no. Pyrexia: no. Meconium: no. Labor induced: yes. Presentation: breech. CTG: 0 early decelerations, 3 variable decelerations, 0 late decelerations, 0 prolonged decelerations, 1 accelerations, 0 uterine contractions.",Vaginal
1242,"Gestational age 41 weeks. Maternal age 43, gravida 2, parity 1. Diabetes: no. Hypertension: no. Preeclampsia: no. Premature rupture of membranes: no. Pyrexia: no. Meconium: yes. Labor induced: no. Presentation: breech. CTG: 8 early decelerations, 0 variable decelerations, 3 late decelerations, 0 prolonged decelerations, 1 accelerations, 22 uterine contractions.",Vaginal
1243,"Gestational age 39 weeks. Maternal age 32, gravida 1, parity 1. Diabetes: no. Hypertension: no. Preeclampsia: no. Premature rupture of membranes: yes. Pyrexia: no. Meconium: no. Labor induced: no. Presentation: breech. CTG: 0 early decelerations, 0 variable decelerations, 0 late decelerations, 0 prolonged decelerations, 0 accelerations, 8 uterine contractions.",Vaginal
1244,"Gestational age 41 weeks. Maternal age 37, gravida 1, parity 1. Diabetes: no. Hypertension: no. Preeclampsia: no. Premature rupture of membranes: no. Pyrexia: no. Meconium: no. Labor induced: yes. Presentation: breech. CTG: 0 early decelerations, 0 variable decelerations, 0 late decelerations, 0 prolonged decelerations, 0 accelerations, 0 uterine contractions.",Vaginal
1245,"Gestational age 40 weeks. Maternal age 33, gravida 1, parity 0. Diabetes: no. Hypertension: no. Preeclampsia: no. Premature rupture of membranes: yes. Pyrexia: no. Meconium: no. Labor induced: no. Presentation: breech. CTG: 0 early decelerations, 1 variable decelerations, 0 late decelerations, 0 prolonged decelerations, 3 accelerations, 18 uterine contractions.",Vaginal
1246,"Gestational age 37 weeks. Maternal age 38, gravida unknown, parity 0. Diabetes: no. Hypertension: no. Preeclampsia: no. Premature rupture of membranes: yes. Pyrexia: no. Meconium: no. Labor induced: no. Presentation: breech. CTG: 0 early decelerations, 0 variable decelerations, 0 late decelerations, 0 prolonged decelerations, 2 accelerations, 16 uterine contractions.",Vaginal
1247,"Gestational age 40 weeks. Maternal age 33, gravida 1, parity 0. Diabetes: no. Hypertension: no. Preeclampsia: no. Premature rupture of membranes: yes. Pyrexia: no. Meconium: no. Labor induced: no. Presentation: breech. CTG: 0 early decelerations, 1 variable decelerations, 0 late decelerations, 1 prolonged decelerations, 4 accelerations, 7 uterine contractions.",Vaginal
1248,"Gestational age 41 weeks. Maternal age 30, gravida 2, parity 0. Diabetes: no. Hypertension: no. Preeclampsia: no. Premature rupture of membranes: yes. Pyrexia: no. Meconium: no. Labor induced: no. Presentation: breech. CTG: 6 early decelerations, 3 variable decelerations, 1 late decelerations, 0 prolonged decelerations, 2 accelerations, 22 uterine contractions.",Vaginal
1249,"Gestational age 42 weeks. Maternal age 25, gravida 1, parity 0. Diabetes: no. Hypertension: no. Preeclampsia: no. Premature rupture of membranes: no. Pyrexia: no. Meconium: no. Labor induced: no. Presentation: breech. CTG: 8 early decelerations, 14 variable decelerations, 0 late decelerations, 0 prolonged decelerations, 13 accelerations, 7 uterine contractions.",Vaginal
1250,"Gestational age 41 weeks. Maternal age 28, gravida 1, parity 0. Diabetes: no. Hypertension: no. Preeclampsia: no. Premature rupture of membranes: no. Pyrexia: no. Meconium: no. Labor induced: yes. Presentation: breech. CTG: 0 early decelerations, 3 variable decelerations, 1 late decelerations, 0 prolonged decelerations, 5 accelerations, 2 uterine contractions.",Vaginal
1251,"Gestational age 39 weeks. Maternal age 32, gravida 1, parity 1. Diabetes: no. Hypertension: no. Preeclampsia: no. Premature rupture of membranes: no. Pyrexia: no. Meconium: no. Labor induced: no. Presentation: breech. CTG: 0 early decelerations, 0 variable decelerations, 0 late decelerations, 0 prolonged decelerations, 0 accelerations, 17 uterine contractions.",Vaginal
1252,"Gestational age 40 weeks. Maternal age 34, gravida 1, parity 1. Diabetes: no. Hypertension: no. Preeclampsia: no. Premature rupture of membranes: no. Pyrexia: no. Meconium: no. Labor induced: no. Presentation: breech. CTG: 0 early decelerations, 0 variable decelerations, 0 late decelerations, 0 prolonged decelerations, 0 accelerations, 16 uterine contractions.",Vaginal
1253,"Gestational age 38 weeks. Maternal age 36, gravida 5, parity 3. Diabetes: yes. Hypertension: yes. Preeclampsia: no. Premature rupture of membranes: no. Pyrexia: no. Meconium: no. Labor induced: yes. Presentation: breech. CTG: 0 early decelerations, 0 variable decelerations, 0 late decelerations, 0 prolonged decelerations, 2 accelerations, 2 uterine contractions.",Vaginal
1254,"Gestational age 40 weeks. Maternal age 31, gravida 1, parity 1. Diabetes: no. Hypertension: no. Preeclampsia: yes. Premature rupture of membranes: no. Pyrexia: no. Meconium: no. Labor induced: no. Presentation: breech. CTG: 0 early decelerations, 4 variable decelerations, 0 late decelerations, 0 prolonged decelerations, 0 accelerations, 0 uterine contractions.",Vaginal
1255,"Gestational age 42 weeks. Maternal age 33, gravida 1, parity 0. Diabetes: no. Hypertension: no. Preeclampsia: no. Premature rupture of membranes: no. Pyrexia: no. Meconium: no. Labor induced: no. Presentation: breech. CTG: 1 early decelerations, 0 variable decelerations, 0 late decelerations, 0 prolonged decelerations, 0 accelerations, 30 uterine contractions.",Vaginal
1256,"Gestational age 41 weeks. Maternal age 34, gravida 1, parity 0. Diabetes: no. Hypertension: no. Preeclampsia: no. Premature rupture of membranes: no. Pyrexia: no. Meconium: no. Labor induced: no. Presentation: breech. CTG: 1 early decelerations, 0 variable decelerations, 0 late decelerations, 0 prolonged decelerations, 5 accelerations, 18 uterine contractions.",Vaginal
1257,"Gestational age 40 weeks. Maternal age 22, gravida 1, parity 0. Diabetes: no. Hypertension: no. Preeclampsia: no. Premature rupture of membranes: no. Pyrexia: no. Meconium: no. Labor induced: no. Presentation: cephalic. CTG: 0 early decelerations, 3 variable decelerations, 0 late decelerations, 0 prolonged decelerations, 2 accelerations, 11 uterine contractions.",Vaginal
1258,"Gestational age 41 weeks. Maternal age 26, gravida 1, parity 0. Diabetes: no. Hypertension: no. Preeclampsia: no. Premature rupture of membranes: yes. Pyrexia: no. Meconium: no. Labor induced: no. Presentation: breech. CTG: 0 early decelerations, 0 variable decelerations, 0 late decelerations, 0 prolonged decelerations, 0 accelerations, 0 uterine contractions.",Vaginal
1259,"Gestational age 41 weeks. Maternal age 32, gravida 5, parity 2. Diabetes: no. Hypertension: no. Preeclampsia: no. Premature rupture of membranes: no. Pyrexia: no. Meconium: yes. Labor induced: yes. Presentation: breech. CTG: 4 early decelerations, 0 variable decelerations, 0 late decelerations, 0 prolonged decelerations, 0 accelerations, 15 uterine contractions.",Vaginal
1260,"Gestational age 40 weeks. Maternal age 32, gravida 1, parity 1. Diabetes: yes. Hypertension: no. Preeclampsia: no. Premature rupture of membranes: no. Pyrexia: no. Meconium: no. Labor induced: yes. Presentation: breech. CTG: 0 early decelerations, 0 variable decelerations, 0 late decelerations, 0 prolonged decelerations, 1 accelerations, 18 uterine contractions.",Vaginal
1261,"Gestational age 39 weeks. Maternal age 35, gravida 3, parity 3. Diabetes: no. Hypertension: no. Preeclampsia: no. Premature rupture of membranes: no. Pyrexia: no. Meconium: no. Labor induced: yes. Presentation: breech. CTG: 0 early decelerations, 0 variable decelerations, 0 late decelerations, 0 prolonged decelerations, 1 accelerations, 25 uterine contractions.",Vaginal
1262,"Gestational age 41 weeks. Maternal age 24, gravida 1, parity 0. Diabetes: no. Hypertension: no. Preeclampsia: no. Premature rupture of membranes: no. Pyrexia: no. Meconium: no. Labor induced: no. Presentation: breech. CTG: 0 early decelerations, 0 variable decelerations, 0 late decelerations, 0 prolonged decelerations, 0 accelerations, 10 uterine contractions.",Vaginal
1263,"Gestational age 39 weeks. Maternal age 31, gravida 1, parity 0. Diabetes: no. Hypertension: no. Preeclampsia: no. Premature rupture of membranes: no. Pyrexia: no. Meconium: no. Labor induced: no. Presentation: other. CTG: 0 early decelerations, 0 variable decelerations, 0 late decelerations, 0 prolonged decelerations, 0 accelerations, 0 uterine contractions.",Vaginal
1264,"Gestational age 39 weeks. Maternal age 32, gravida 2, parity 1. Diabetes: no. Hypertension: no. Preeclampsia: no. Premature rupture of membranes: no. Pyrexia: no. Meconium: no. Labor induced: yes. Presentation: breech. CTG: 1 early decelerations, 0 variable decelerations, 0 late decelerations, 0 prolonged decelerations, 0 accelerations, 20 uterine contractions.",Vaginal
1265,"Gestational age 39 weeks. Maternal age 25, gravida 2, parity 0. Diabetes: no. Hypertension: no. Preeclampsia: no. Premature rupture of membranes: no. Pyrexia: no. Meconium: no. Labor induced: no. Presentation: breech. CTG: 4 early decelerations, 4 variable decelerations, 1 late decelerations, 0 prolonged decelerations, 0 accelerations, 14 uterine contractions.",Vaginal
1266,"Gestational age 41 weeks. Maternal age 31, gravida 2, parity 2. Diabetes: no. Hypertension: no. Preeclampsia: no. Premature rupture of membranes: no. Pyrexia: no. Meconium: no. Labor induced: no. Presentation: breech. CTG: 3 early decelerations, 1 variable decelerations, 0 late decelerations, 0 prolonged decelerations, 0 accelerations, 18 uterine contractions.",Vaginal
1267,"Gestational age 37 weeks. Maternal age 33, gravida 1, parity 0. Diabetes: yes. Hypertension: yes. Preeclampsia: no. Premature rupture of membranes: yes. Pyrexia: no. Meconium: yes. Labor induced: yes. Presentation: breech. CTG: 0 early decelerations, 1 variable decelerations, 0 late decelerations, 0 prolonged decelerations, 0 accelerations, 0 uterine contractions.",Vaginal
1268,"Gestational age 41 weeks. Maternal age 33, gravida 1, parity 1. Diabetes: no. Hypertension: no. Preeclampsia: no. Premature rupture of membranes: no. Pyrexia: no. Meconium: no. Labor induced: yes. Presentation: breech. CTG: 0 early decelerations, 0 variable decelerations, 0 late decelerations, 0 prolonged decelerations, 0 accelerations, 0 uterine contractions.",Vaginal
1269,"Gestational age 39 weeks. Maternal age 34, gravida 1, parity 0. Diabetes: no. Hypertension: no. Preeclampsia: no. Premature rupture of membranes: yes. Pyrexia: no. Meconium: no. Labor induced: no. Presentation: breech. CTG: 2 early decelerations, 0 variable decelerations, 0 late decelerations, 0 prolonged decelerations, 4 accelerations, 20 uterine contractions.",Vaginal
1270,"Gestational age 40 weeks. Maternal age 28, gravida 2, parity 0. Diabetes: no. Hypertension: no. Preeclampsia: no. Premature rupture of membranes: no. Pyrexia: no. Meconium: no. Labor induced: no. Presentation: breech. CTG: 0 early decelerations, 0 variable decelerations, 1 late decelerations, 0 prolonged decelerations, 2 accelerations, 21 uterine contractions.",Vaginal
1271,"Gestational age 40 weeks. Maternal age 31, gravida 1, parity 0. Diabetes: no. Hypertension: no. Preeclampsia: no. Premature rupture of membranes: yes. Pyrexia: no. Meconium: no. Labor induced: no. Presentation: breech. CTG: 1 early decelerations, 0 variable decelerations, 0 late decelerations, 0 prolonged decelerations, 1 accelerations, 16 uterine contractions.",Vaginal
1272,"Gestational age 42 weeks. Maternal age 30, gravida 1, parity 0. Diabetes: no. Hypertension: no. Preeclampsia: no. Premature rupture of membranes: no. Pyrexia: no. Meconium: no. Labor induced: yes. Presentation: breech. CTG: 1 early decelerations, 4 variable decelerations, 1 late decelerations, 0 prolonged decelerations, 1 accelerations, 10 uterine contractions.",Vaginal
1273,"Gestational age 39 weeks. Maternal age 35, gravida 6, parity 5. Diabetes: no. Hypertension: yes. Preeclampsia: no. Premature rupture of membranes: no. Pyrexia: no. Meconium: yes. Labor induced: yes. Presentation: breech. CTG: 3 early decelerations, 2 variable decelerations, 1 late decelerations, 0 prolonged decelerations, 2 accelerations, 9 uterine contractions.",Vaginal
1274,"Gestational age 40 weeks. Maternal age 27, gravida 1, parity 0. Diabetes: no. Hypertension: no. Preeclampsia: no. Premature rupture of membranes: no. Pyrexia: no. Meconium: no. Labor induced: no. Presentation: other. CTG: 4 early decelerations, 4 variable decelerations, 4 late decelerations, 0 prolonged decelerations, 7 accelerations, 19 uterine contractions.",Vaginal
1275,"Gestational age 41 weeks. Maternal age 19, gravida 1, parity 0. Diabetes: no. Hypertension: no. Preeclampsia: no. Premature rupture of membranes: no. Pyrexia: no. Meconium: no. Labor induced: yes. Presentation: breech. CTG: 0 early decelerations, 0 variable decelerations, 0 late decelerations, 0 prolonged decelerations, 1 accelerations, 0 uterine contractions.",Vaginal
1276,"Gestational age 39 weeks. Maternal age 27, gravida 1, parity 0. Diabetes: no. Hypertension: no. Preeclampsia: no. Premature rupture of membranes: yes. Pyrexia: no. Meconium: no. Labor induced: no. Presentation: breech. CTG: 4 early decelerations, 4 variable decelerations, 0 late decelerations, 0 prolonged decelerations, 2 accelerations, 24 uterine contractions.",Vaginal
1277,"Gestational age 39 weeks. Maternal age 33, gravida 1, parity 0. Diabetes: no. Hypertension: no. Preeclampsia: no. Premature rupture of membranes: no. Pyrexia: no. Meconium: no. Labor induced: no. Presentation: breech. CTG: 1 early decelerations, 0 variable decelerations, 0 late decelerations, 0 prolonged decelerations, 2 accelerations, 12 uterine contractions.",Vaginal
1278,"Gestational age 40 weeks. Maternal age 33, gravida 3, parity 0. Diabetes: yes. Hypertension: yes. Preeclampsia: no. Premature rupture of membranes: no. Pyrexia: no. Meconium: yes. Labor induced: no. Presentation: breech. CTG: 0 early decelerations, 0 variable decelerations, 0 late decelerations, 0 prolonged decelerations, 3 accelerations, 16 uterine contractions.",Vaginal
1279,"Gestational age 40 weeks. Maternal age 25, gravida 1, parity 0. Diabetes: no. Hypertension: no. Preeclampsia: no. Premature rupture of membranes: yes. Pyrexia: no. Meconium: no. Labor induced: no. Presentation: breech. CTG: 0 early decelerations, 0 variable decelerations, 0 late decelerations, 0 prolonged decelerations, 3 accelerations, 1 uterine contractions.",Vaginal
1280,"Gestational age 41 weeks. Maternal age 36, gravida 3, parity 1. Diabetes: no. Hypertension: no. Preeclampsia: no. Premature rupture of membranes: no. Pyrexia: no. Meconium: no. Labor induced: yes. Presentation: breech. CTG: 1 early decelerations, 0 variable decelerations, 0 late decelerations, 0 prolonged decelerations, 0 accelerations, 4 uterine contractions.",Vaginal
1281,"Gestational age 41 weeks. Maternal age 30, gravida 1, parity 0. Diabetes: no. Hypertension: yes. Preeclampsia: no. Premature rupture of membranes: no. Pyrexia: no. Meconium: no. Labor induced: no. Presentation: breech. CTG: 0 early decelerations, 0 variable decelerations, 0 late decelerations, 0 prolonged decelerations, 0 accelerations, 24 uterine contractions.",Vaginal
1282,"Gestational age 40 weeks. Maternal age 32, gravida 1, parity 1. Diabetes: no. Hypertension: no. Preeclampsia: no. Premature rupture of membranes: no. Pyrexia: no. Meconium: no. Labor induced: yes. Presentation: breech. CTG: 0 early decelerations, 0 variable decelerations, 0 late decelerations, 0 prolonged decelerations, 0 accelerations, 0 uterine contractions.",Vaginal
1283,"Gestational age 40 weeks. Maternal age 20, gravida 1, parity 0. Diabetes: no. Hypertension: no. Preeclampsia: no. Premature rupture of membranes: no. Pyrexia: no. Meconium: no. Labor induced: no. Presentation: breech. CTG: 0 early decelerations, 1 variable decelerations, 0 late decelerations, 0 prolonged decelerations, 3 accelerations, 33 uterine contractions.",Vaginal
1284,"Gestational age 42 weeks. Maternal age 30, gravida 1, parity 0. Diabetes: no. Hypertension: no. Preeclampsia: no. Premature rupture of membranes: no. Pyrexia: no. Meconium: no. Labor induced: yes. Presentation: breech. CTG: 0 early decelerations, 0 variable decelerations, 0 late decelerations, 0 prolonged decelerations, 0 accelerations, 0 uterine contractions.",Vaginal
1285,"Gestational age 40 weeks. Maternal age 27, gravida 1, parity 0. Diabetes: no. Hypertension: no. Preeclampsia: no. Premature rupture of membranes: no. Pyrexia: no. Meconium: no. Labor induced: no. Presentation: breech. CTG: 0 early decelerations, 0 variable decelerations, 0 late decelerations, 0 prolonged decelerations, 0 accelerations, 11 uterine contractions.",Vaginal
1286,"Gestational age 39 weeks. Maternal age 27, gravida 1, parity 0. Diabetes: no. Hypertension: no. Preeclampsia: no. Premature rupture of membranes: no. Pyrexia: no. Meconium: no. Labor induced: no. Presentation: breech. CTG: 0 early decelerations, 0 variable decelerations, 0 late decelerations, 0 prolonged decelerations, 0 accelerations, 7 uterine contractions.",Vaginal
1287,"Gestational age 37 weeks. Maternal age 31, gravida 1, parity 1. Diabetes: no. Hypertension: no. Preeclampsia: no. Premature rupture of membranes: no. Pyrexia: no. Meconium: no. Labor induced: yes. Presentation: breech. CTG: 0 early decelerations, 3 variable decelerations, 0 late decelerations, 1 prolonged decelerations, 0 accelerations, 1 uterine contractions.",Vaginal
1288,"Gestational age 40 weeks. Maternal age 27, gravida 1, parity 0. Diabetes: no. Hypertension: no. Preeclampsia: no. Premature rupture of membranes: no. Pyrexia: no. Meconium: no. Labor induced: no. Presentation: breech. CTG: 0 early decelerations, 0 variable decelerations, 0 late decelerations, 0 prolonged decelerations, 0 accelerations, 0 uterine contractions.",Vaginal
1289,"Gestational age 41 weeks. Maternal age 30, gravida 1, parity 0. Diabetes: no. Hypertension: no. Preeclampsia: no. Premature rupture of membranes: no. Pyrexia: no. Meconium: yes. Labor induced: yes. Presentation: breech. CTG: 3 early decelerations, 2 variable decelerations, 0 late decelerations, 0 prolonged decelerations, 0 accelerations, 24 uterine contractions.",Vaginal
1290,"Gestational age 39 weeks. Maternal age 28, gravida 1, parity 1. Diabetes: no. Hypertension: no. Preeclampsia: no. Premature rupture of membranes: no. Pyrexia: no. Meconium: yes. Labor induced: no. Presentation: breech. CTG: 4 early decelerations, 2 variable decelerations, 0 late decelerations, 0 prolonged decelerations, 0 accelerations, 23 uterine contractions.",Vaginal
1291,"Gestational age 40 weeks. Maternal age 27, gravida 1, parity 0. Diabetes: no. Hypertension: no. Preeclampsia: no. Premature rupture of membranes: yes. Pyrexia: no. Meconium: no. Labor induced: no. Presentation: breech. CTG: 2 early decelerations, 0 variable decelerations, 1 late decelerations, 0 prolonged decelerations, 0 accelerations, 27 uterine contractions.",Vaginal
1292,"Gestational age 37 weeks. Maternal age 22, gravida 2, parity 2. Diabetes: no. Hypertension: no. Preeclampsia: no. Premature rupture of membranes: no. Pyrexia: no. Meconium: no. Labor induced: no. Presentation: breech. CTG: 1 early decelerations, 1 variable decelerations, 0 late decelerations, 0 prolonged decelerations, 3 accelerations, 2 uterine contractions.",Vaginal
1293,"Gestational age 39 weeks. Maternal age 34, gravida 3, parity 1. Diabetes: no. Hypertension: no. Preeclampsia: no. Premature rupture of membranes: yes. Pyrexia: no. Meconium: no. Labor induced: no. Presentation: breech. CTG: 0 early decelerations, 0 variable decelerations, 0 late decelerations, 0 prolonged decelerations, 0 accelerations, 16 uterine contractions.",Vaginal
1294,"Gestational age 41 weeks. Maternal age 29, gravida 1, parity 1. Diabetes: no. Hypertension: no. Preeclampsia: no. Premature rupture of membranes: no. Pyrexia: no. Meconium: no. Labor induced: yes. Presentation: breech. CTG: 4 early decelerations, 6 variable decelerations, 0 late decelerations, 0 prolonged decelerations, 3 accelerations, 14 uterine contractions.",Vaginal
1295,"Gestational age 40 weeks. Maternal age 28, gravida 1, parity 1. Diabetes: no. Hypertension: yes. Preeclampsia: no. Premature rupture of membranes: yes. Pyrexia: no. Meconium: no. Labor induced: no. Presentation: other. CTG: 0 early decelerations, 0 variable decelerations, 0 late decelerations, 0 prolonged decelerations, 0 accelerations, 23 uterine contractions.",Vaginal
1296,"Gestational age 39 weeks. Maternal age 27, gravida 1, parity 0. Diabetes: yes. Hypertension: no. Preeclampsia: no. Premature rupture of membranes: no. Pyrexia: no. Meconium: yes. Labor induced: no. Presentation: breech. CTG: 0 early decelerations, 0 variable decelerations, 0 late decelerations, 0 prolonged decelerations, 0 accelerations, 4 uterine contractions.",Vaginal
1297,"Gestational age 41 weeks. Maternal age 27, gravida 1, parity 0. Diabetes: yes. Hypertension: no. Preeclampsia: no. Premature rupture of membranes: no. Pyrexia: no. Meconium: no. Labor induced: yes. Presentation: breech. CTG: 0 early decelerations, 0 variable decelerations, 0 late decelerations, 0 prolonged decelerations, 0 accelerations, 10 uterine contractions.",Vaginal
1298,"Gestational age 39 weeks. Maternal age 33, gravida 2, parity 0. Diabetes: no. Hypertension: no. Preeclampsia: no. Premature rupture of membranes: yes. Pyrexia: no. Meconium: no. Labor induced: yes. Presentation: breech. CTG: 0 early decelerations, 3 variable decelerations, 0 late decelerations, 0 prolonged decelerations, 1 accelerations, 22 uterine contractions.",Vaginal
1299,"Gestational age 39 weeks. Maternal age 26, gravida 1, parity 0. Diabetes: no. Hypertension: no. Preeclampsia: no. Premature rupture of membranes: yes. Pyrexia: no. Meconium: no. Labor induced: no. Presentation: breech. CTG: 0 early decelerations, 0 variable decelerations, 0 late decelerations, 0 prolonged decelerations, 0 accelerations, 9 uterine contractions.",Vaginal
1300,"Gestational age 40 weeks. Maternal age 32, gravida 1, parity 0. Diabetes: no. Hypertension: no. Preeclampsia: no. Premature rupture of membranes: yes. Pyrexia: no. Meconium: no. Labor induced: no. Presentation: breech. CTG: 0 early decelerations, 0 variable decelerations, 0 late decelerations, 0 prolonged decelerations, 0 accelerations, 13 uterine contractions.",Vaginal
1301,"Gestational age 41 weeks. Maternal age 23, gravida 1, parity 0. Diabetes: no. Hypertension: no. Preeclampsia: no. Premature rupture of membranes: no. Pyrexia: no. Meconium: no. Labor induced: yes. Presentation: breech. CTG: 0 early decelerations, 0 variable decelerations, 0 late decelerations, 0 prolonged decelerations, 0 accelerations, 1 uterine contractions.",Vaginal
1302,"Gestational age 40 weeks. Maternal age 26, gravida 1, parity 0. Diabetes: no. Hypertension: no. Preeclampsia: no. Premature rupture of membranes: no. Pyrexia: no. Meconium: no. Labor induced: yes. Presentation: cephalic. CTG: 1 early decelerations, 5 variable decelerations, 9 late decelerations, 0 prolonged decelerations, 0 accelerations, 17 uterine contractions.",Vaginal
1303,"Gestational age 41 weeks. Maternal age 22, gravida 1, parity 0. Diabetes: no. Hypertension: no. Preeclampsia: no. Premature rupture of membranes: no. Pyrexia: no. Meconium: no. Labor induced: no. Presentation: breech. CTG: 3 early decelerations, 5 variable decelerations, 3 late decelerations, 0 prolonged decelerations, 7 accelerations, 26 uterine contractions.",Vaginal
1304,"Gestational age 37 weeks. Maternal age 32, gravida 1, parity 0. Diabetes: no. Hypertension: no. Preeclampsia: no. Premature rupture of membranes: yes. Pyrexia: no. Meconium: no. Labor induced: no. Presentation: breech. CTG: 0 early decelerations, 0 variable decelerations, 0 late decelerations, 0 prolonged decelerations, 0 accelerations, 3 uterine contractions.",Vaginal
1305,"Gestational age 41 weeks. Maternal age 32, gravida 1, parity 1. Diabetes: no. Hypertension: no. Preeclampsia: no. Premature rupture of membranes: no. Pyrexia: no. Meconium: no. Labor induced: yes. Presentation: breech. CTG: 0 early decelerations, 0 variable decelerations, 1 late decelerations, 0 prolonged decelerations, 0 accelerations, 24 uterine contractions.",Vaginal
1306,"Gestational age 41 weeks. Maternal age 33, gravida 3, parity 1. Diabetes: no. Hypertension: no. Preeclampsia: no. Premature rupture of membranes: no. Pyrexia: no. Meconium: no. Labor induced: no. Presentation: breech. CTG: 0 early decelerations, 0 variable decelerations, 0 late decelerations, 0 prolonged decelerations, 0 accelerations, 4 uterine contractions.",Vaginal
1307,"Gestational age 41 weeks. Maternal age 25, gravida 1, parity 0. Diabetes: no. Hypertension: no. Preeclampsia: no. Premature rupture of membranes: no. Pyrexia: no. Meconium: no. Labor induced: yes. Presentation: breech. CTG: 14 early decelerations, 3 variable decelerations, 0 late decelerations, 0 prolonged decelerations, 3 accelerations, 27 uterine contractions.",Vaginal
1308,"Gestational age 41 weeks. Maternal age 36, gravida 1, parity 1. Diabetes: no. Hypertension: no. Preeclampsia: no. Premature rupture of membranes: yes. Pyrexia: no. Meconium: no. Labor induced: no. Presentation: unknown. CTG: 3 early decelerations, 6 variable decelerations, 0 late decelerations, 0 prolonged decelerations, 4 accelerations, 17 uterine contractions.",Vaginal
1309,"Gestational age 38 weeks. Maternal age 20, gravida 1, parity 0. Diabetes: no. Hypertension: no. Preeclampsia: no. Premature rupture of membranes: no. Pyrexia: no. Meconium: no. Labor induced: no. Presentation: breech. CTG: 0 early decelerations, 0 variable decelerations, 0 late decelerations, 0 prolonged decelerations, 1 accelerations, 22 uterine contractions.",Vaginal
1310,"Gestational age 40 weeks. Maternal age 24, gravida 1, parity 0. Diabetes: no. Hypertension: no. Preeclampsia: no. Premature rupture of membranes: no. Pyrexia: no. Meconium: no. Labor induced: no. Presentation: breech. CTG: 0 early decelerations, 0 variable decelerations, 0 late decelerations, 0 prolonged decelerations, 3 accelerations, 14 uterine contractions.",Vaginal
1311,"Gestational age 40 weeks. Maternal age 32, gravida 1, parity 0. Diabetes: no. Hypertension: no. Preeclampsia: no. Premature rupture of membranes: no. Pyrexia: no. Meconium: no. Labor induced: yes. Presentation: breech. CTG: 0 early decelerations, 1 variable decelerations, 0 late decelerations, 0 prolonged decelerations, 0 accelerations, 8 uterine contractions.",Vaginal
1312,"Gestational age 38 weeks. Maternal age 35, gravida 7, parity 1. Diabetes: no. Hypertension: no. Preeclampsia: no. Premature rupture of membranes: no. Pyrexia: no. Meconium: no. Labor induced: yes. Presentation: breech. CTG: 0 early decelerations, 0 variable decelerations, 0 late decelerations, 0 prolonged decelerations, 1 accelerations, 6 uterine contractions.",Vaginal
1313,"Gestational age 41 weeks. Maternal age 25, gravida 1, parity 1. Diabetes: no. Hypertension: no. Preeclampsia: no. Premature rupture of membranes: yes. Pyrexia: no. Meconium: no. Labor induced: no. Presentation: breech. CTG: 0 early decelerations, 0 variable decelerations, 0 late decelerations, 1 prolonged decelerations, 0 accelerations, 14 uterine contractions.",Vaginal
1314,"Gestational age 38 weeks. Maternal age 38, gravida 1, parity 1. Diabetes: yes. Hypertension: yes. Preeclampsia: no. Premature rupture of membranes: no. Pyrexia: no. Meconium: no. Labor induced: yes. Presentation: breech. CTG: 5 early decelerations, 3 variable decelerations, 0 late decelerations, 0 prolonged decelerations, 6 accelerations, 20 uterine contractions.",Vaginal
1315,"Gestational age 38 weeks. Maternal age 31, gravida 1, parity 0. Diabetes: yes. Hypertension: no. Preeclampsia: no. Premature rupture of membranes: yes. Pyrexia: no. Meconium: no. Labor induced: yes. Presentation: breech. CTG: 2 early decelerations, 0 variable decelerations, 0 late decelerations, 0 prolonged decelerations, 0 accelerations, 43 uterine contractions.",Vaginal
1316,"Gestational age 39 weeks. Maternal age 27, gravida 1, parity 0. Diabetes: no. Hypertension: no. Preeclampsia: no. Premature rupture of membranes: yes. Pyrexia: no. Meconium: no. Labor induced: no. Presentation: breech. CTG: 6 early decelerations, 19 variable decelerations, 0 late decelerations, 0 prolonged decelerations, 13 accelerations, 8 uterine contractions.",Vaginal
1317,"Gestational age 39 weeks. Maternal age 24, gravida 1, parity 0. Diabetes: no. Hypertension: no. Preeclampsia: no. Premature rupture of membranes: yes. Pyrexia: no. Meconium: no. Labor induced: no. Presentation: breech. CTG: 5 early decelerations, 1 variable decelerations, 0 late decelerations, 0 prolonged decelerations, 4 accelerations, 18 uterine contractions.",Vaginal
1318,"Gestational age 39 weeks. Maternal age 41, gravida 4, parity 0. Diabetes: no. Hypertension: no. Preeclampsia: no. Premature rupture of membranes: yes. Pyrexia: no. Meconium: no. Labor induced: yes. Presentation: breech. CTG: 0 early decelerations, 0 variable decelerations, 0 late decelerations, 0 prolonged decelerations, 0 accelerations, 12 uterine contractions.",Vaginal
1319,"Gestational age 39 weeks. Maternal age 36, gravida 3, parity 1. Diabetes: no. Hypertension: no. Preeclampsia: no. Premature rupture of membranes: yes. Pyrexia: no. Meconium: no. Labor induced: no. Presentation: breech. CTG: 5 early decelerations, 3 variable decelerations, 0 late decelerations, 0 prolonged decelerations, 1 accelerations, 21 uterine contractions.",Vaginal
1320,"Gestational age 41 weeks. Maternal age 28, gravida 2, parity 0. Diabetes: no. Hypertension: no. Preeclampsia: no. Premature rupture of membranes: no. Pyrexia: no. Meconium: no. Labor induced: yes. Presentation: breech. CTG: 5 early decelerations, 1 variable decelerations, 0 late decelerations, 0 prolonged decelerations, 0 accelerations, 18 uterine contractions.",Vaginal
1321,"Gestational age 41 weeks. Maternal age 31, gravida 1, parity 0. Diabetes: no. Hypertension: no. Preeclampsia: no. Premature rupture of membranes: no. Pyrexia: no. Meconium: yes. Labor induced: yes. Presentation: breech. CTG: 5 early decelerations, 3 variable decelerations, 1 late decelerations, 0 prolonged decelerations, 0 accelerations, 8 uterine contractions.",Vaginal
1322,"Gestational age 41 weeks. Maternal age 37, gravida 1, parity 1. Diabetes: no. Hypertension: no. Preeclampsia: no. Premature rupture of membranes: no. Pyrexia: no. Meconium: no. Labor induced: yes. Presentation: breech. CTG: 0 early decelerations, 2 variable decelerations, 0 late decelerations, 0 prolonged decelerations, 0 accelerations, 4 uterine contractions.",Vaginal
1323,"Gestational age 41 weeks. Maternal age 33, gravida 1, parity 0. Diabetes: no. Hypertension: no. Preeclampsia: no. Premature rupture of membranes: yes. Pyrexia: no. Meconium: no. Labor induced: yes. Presentation: breech. CTG: 9 early decelerations, 15 variable decelerations, 0 late decelerations, 0 prolonged decelerations, 2 accelerations, 20 uterine contractions.",Vaginal
1324,"Gestational age 40 weeks. Maternal age 37, gravida 4, parity 2. Diabetes: no. Hypertension: no. Preeclampsia: no. Premature rupture of membranes: no. Pyrexia: no. Meconium: no. Labor induced: yes. Presentation: breech. CTG: 5 early decelerations, 3 variable decelerations, 1 late decelerations, 0 prolonged decelerations, 6 accelerations, 17 uterine contractions.",Vaginal
1325,"Gestational age 41 weeks. Maternal age 29, gravida 1, parity 0. Diabetes: no. Hypertension: no. Preeclampsia: yes. Premature rupture of membranes: no. Pyrexia: no. Meconium: no. Labor induced: yes. Presentation: other. CTG: 0 early decelerations, 0 variable decelerations, 0 late decelerations, 0 prolonged decelerations, 0 accelerations, 14 uterine contractions.",Vaginal
1326,"Gestational age 38 weeks. Maternal age 25, gravida 2, parity 1. Diabetes: no. Hypertension: no. Preeclampsia: no. Premature rupture of membranes: no. Pyrexia: no. Meconium: no. Labor induced: no. Presentation: breech. CTG: 11 early decelerations, 8 variable decelerations, 4 late decelerations, 0 prolonged decelerations, 11 accelerations, 14 uterine contractions.",Vaginal
1327,"Gestational age 40 weeks. Maternal age 23, gravida 1, parity 0. Diabetes: no. Hypertension: no. Preeclampsia: no. Premature rupture of membranes: no. Pyrexia: no. Meconium: yes. Labor induced: no. Presentation: breech. CTG: 0 early decelerations, 1 variable decelerations, 0 late decelerations, 0 prolonged decelerations, 4 accelerations, 0 uterine contractions.",Vaginal
1328,"Gestational age 40 weeks. Maternal age 31, gravida 1, parity 0. Diabetes: no. Hypertension: no. Preeclampsia: no. Premature rupture of membranes: yes. Pyrexia: no. Meconium: no. Labor induced: yes. Presentation: breech. CTG: 0 early decelerations, 0 variable decelerations, 0 late decelerations, 0 prolonged decelerations, 0 accelerations, 9 uterine contractions.",Vaginal
1329,"Gestational age 41 weeks. Maternal age 35, gravida 1, parity 1. Diabetes: no. Hypertension: no. Preeclampsia: no. Premature rupture of membranes: no. Pyrexia: no. Meconium: no. Labor induced: no. Presentation: breech. CTG: 6 early decelerations, 12 variable decelerations, 3 late decelerations, 0 prolonged decelerations, 2 accelerations, 0 uterine contractions.",Vaginal
1330,"Gestational age 40 weeks. Maternal age 32, gravida 1, parity 0. Diabetes: no. Hypertension: no. Preeclampsia: no. Premature rupture of membranes: no. Pyrexia: no. Meconium: no. Labor induced: no. Presentation: breech. CTG: 2 early decelerations, 4 variable decelerations, 2 late decelerations, 0 prolonged decelerations, 3 accelerations, 17 uterine contractions.",Vaginal
1331,"Gestational age 41 weeks. Maternal age 25, gravida 1, parity 0. Diabetes: no. Hypertension: no. Preeclampsia: no. Premature rupture of membranes: no. Pyrexia: no. Meconium: no. Labor induced: yes. Presentation: breech. CTG: 6 early decelerations, 0 variable decelerations, 0 late decelerations, 0 prolonged decelerations, 0 accelerations, 27 uterine contractions.",Vaginal
1332,"Gestational age 38 weeks. Maternal age 28, gravida 1, parity 0. Diabetes: yes. Hypertension: no. Preeclampsia: no. Premature rupture of membranes: no. Pyrexia: no. Meconium: no. Labor induced: yes. Presentation: breech. CTG: 0 early decelerations, 0 variable decelerations, 0 late decelerations, 0 prolonged decelerations, 1 accelerations, 0 uterine contractions.",Vaginal
1333,"Gestational age 39 weeks. Maternal age 29, gravida 1, parity 1. Diabetes: no. Hypertension: no. Preeclampsia: no. Premature rupture of membranes: yes. Pyrexia: no. Meconium: no. Labor induced: no. Presentation: breech. CTG: 2 early decelerations, 0 variable decelerations, 0 late decelerations, 0 prolonged decelerations, 2 accelerations, 5 uterine contractions.",Vaginal
1334,"Gestational age 41 weeks. Maternal age 35, gravida 1, parity 0. Diabetes: no. Hypertension: no. Preeclampsia: no. Premature rupture of membranes: no. Pyrexia: no. Meconium: no. Labor induced: no. Presentation: breech. CTG: 0 early decelerations, 0 variable decelerations, 0 late decelerations, 0 prolonged decelerations, 2 accelerations, 18 uterine contractions.",Vaginal
1335,"Gestational age 40 weeks. Maternal age 33, gravida 4, parity 0. Diabetes: no. Hypertension: no. Preeclampsia: no. Premature rupture of membranes: no. Pyrexia: no. Meconium: no. Labor induced: no. Presentation: breech. CTG: 0 early decelerations, 0 variable decelerations, 0 late decelerations, 0 prolonged decelerations, 4 accelerations, 0 uterine contractions.",Vaginal
1336,"Gestational age 41 weeks. Maternal age 30, gravida 1, parity 0. Diabetes: no. Hypertension: no. Preeclampsia: no. Premature rupture of membranes: no. Pyrexia: no. Meconium: no. Labor induced: no. Presentation: breech. CTG: 0 early decelerations, 0 variable decelerations, 0 late decelerations, 0 prolonged decelerations, 0 accelerations, 0 uterine contractions.",Vaginal
1337,"Gestational age 40 weeks. Maternal age 29, gravida 1, parity 1. Diabetes: no. Hypertension: no. Preeclampsia: yes. Premature rupture of membranes: no. Pyrexia: no. Meconium: no. Labor induced: yes. Presentation: breech. CTG: 1 early decelerations, 4 variable decelerations, 0 late decelerations, 0 prolonged decelerations, 0 accelerations, 3 uterine contractions.",Vaginal
1338,"Gestational age 41 weeks. Maternal age 26, gravida 1, parity 0. Diabetes: no. Hypertension: no. Preeclampsia: no. Premature rupture of membranes: no. Pyrexia: no. Meconium: no. Labor induced: yes. Presentation: breech. CTG: 0 early decelerations, 0 variable decelerations, 0 late decelerations, 0 prolonged decelerations, 0 accelerations, 6 uterine contractions.",Vaginal
1339,"Gestational age 39 weeks. Maternal age 29, gravida 1, parity 0. Diabetes: no. Hypertension: no. Preeclampsia: no. Premature rupture of membranes: yes. Pyrexia: no. Meconium: no. Labor induced: yes. Presentation: breech. CTG: 0 early decelerations, 0 variable decelerations, 0 late decelerations, 0 prolonged decelerations, 0 accelerations, 0 uterine contractions.",Vaginal
1340,"Gestational age 41 weeks. Maternal age 35, gravida 1, parity 0. Diabetes: no. Hypertension: no. Preeclampsia: no. Premature rupture of membranes: no. Pyrexia: no. Meconium: no. Labor induced: no. Presentation: breech. CTG: 3 early decelerations, 5 variable decelerations, 2 late decelerations, 1 prolonged decelerations, 2 accelerations, 27 uterine contractions.",Vaginal
1341,"Gestational age 40 weeks. Maternal age 31, gravida 4, parity 2. Diabetes: no. Hypertension: no. Preeclampsia: no. Premature rupture of membranes: no. Pyrexia: no. Meconium: no. Labor induced: yes. Presentation: breech. CTG: 3 early decelerations, 1 variable decelerations, 0 late decelerations, 0 prolonged decelerations, 7 accelerations, 26 uterine contractions.",Vaginal
1342,"Gestational age 39 weeks. Maternal age 28, gravida 1, parity 1. Diabetes: no. Hypertension: no. Preeclampsia: yes. Premature rupture of membranes: no. Pyrexia: no. Meconium: no. Labor induced: yes. Presentation: breech. CTG: 0 early decelerations, 9 variable decelerations, 0 late decelerations, 0 prolonged decelerations, 5 accelerations, 0 uterine contractions.",Vaginal
1343,"Gestational age 40 weeks. Maternal age 23, gravida 1, parity 0. Diabetes: no. Hypertension: no. Preeclampsia: no. Premature rupture of membranes: no. Pyrexia: no. Meconium: no. Labor induced: no. Presentation: breech. CTG: 0 early decelerations, 0 variable decelerations, 0 late decelerations, 0 prolonged decelerations, 0 accelerations, 9 uterine contractions.",Vaginal
1344,"Gestational age 41 weeks. Maternal age 29, gravida 1, parity 0. Diabetes: no. Hypertension: no. Preeclampsia: no. Premature rupture of membranes: no. Pyrexia: no. Meconium: no. Labor induced: no. Presentation: breech. CTG: 0 early decelerations, 2 variable decelerations, 0 late decelerations, 0 prolonged decelerations, 1 accelerations, 8 uterine contractions.",Vaginal
1345,"Gestational age 40 weeks. Maternal age 30, gravida 1, parity 1. Diabetes: no. Hypertension: no. Preeclampsia: no. Premature rupture of membranes: yes. Pyrexia: no. Meconium: no. Labor induced: no. Presentation: breech. CTG: 2 early decelerations, 0 variable decelerations, 4 late decelerations, 0 prolonged decelerations, 0 accelerations, 17 uterine contractions.",Vaginal
1346,"Gestational age 41 weeks. Maternal age 30, gravida 1, parity 0. Diabetes: no. Hypertension: no. Preeclampsia: no. Premature rupture of membranes: no. Pyrexia: no. Meconium: no. Labor induced: yes. Presentation: breech. CTG: 0 early decelerations, 5 variable decelerations, 0 late decelerations, 0 prolonged decelerations, 3 accelerations, 0 uterine contractions.",Vaginal
1347,"Gestational age 40 weeks. Maternal age 39, gravida 1, parity 0. Diabetes: no. Hypertension: no. Preeclampsia: no. Premature rupture of membranes: yes. Pyrexia: no. Meconium: no. Labor induced: yes. Presentation: breech. CTG: 0 early decelerations, 0 variable decelerations, 0 late decelerations, 0 prolonged decelerations, 0 accelerations, 17 uterine contractions.",Vaginal
1348,"Gestational age 39 weeks. Maternal age 30, gravida 1, parity 0. Diabetes: no. Hypertension: no. Preeclampsia: no. Premature rupture of membranes: no. Pyrexia: no. Meconium: no. Labor induced: no. Presentation: breech. CTG: 0 early decelerations, 9 variable decelerations, 1 late decelerations, 0 prolonged decelerations, 0 accelerations, 22 uterine contractions.",Vaginal
1349,"Gestational age 40 weeks. Maternal age 33, gravida 2, parity 2. Diabetes: no. Hypertension: no. Preeclampsia: no. Premature rupture of membranes: yes. Pyrexia: no. Meconium: no. Labor induced: yes. Presentation: breech. CTG: 0 early decelerations, 0 variable decelerations, 0 late decelerations, 0 prolonged decelerations, 0 accelerations, 0 uterine contractions.",Vaginal
1350,"Gestational age 40 weeks. Maternal age 30, gravida 1, parity 0. Diabetes: no. Hypertension: no. Preeclampsia: no. Premature rupture of membranes: no. Pyrexia: yes. Meconium: no. Labor induced: no. Presentation: breech. CTG: 0 early decelerations, 1 variable decelerations, 0 late decelerations, 1 prolonged decelerations, 0 accelerations, 12 uterine contractions.",Vaginal
1351,"Gestational age 40 weeks. Maternal age 31, gravida 1, parity 0. Diabetes: no. Hypertension: no. Preeclampsia: no. Premature rupture of membranes: yes. Pyrexia: no. Meconium: no. Labor induced: yes. Presentation: breech. CTG: 0 early decelerations, 0 variable decelerations, 0 late decelerations, 0 prolonged decelerations, 0 accelerations, 16 uterine contractions.",Vaginal
1352,"Gestational age 41 weeks. Maternal age 28, gravida 1, parity 1. Diabetes: no. Hypertension: no. Preeclampsia: no. Premature rupture of membranes: no. Pyrexia: no. Meconium: no. Labor induced: yes. Presentation: breech. CTG: 4 early decelerations, 5 variable decelerations, 1 late decelerations, 0 prolonged decelerations, 7 accelerations, 18 uterine contractions.",Vaginal
1353,"Gestational age 41 weeks. Maternal age 26, gravida 1, parity 0. Diabetes: no. Hypertension: no. Preeclampsia: no. Premature rupture of membranes: yes. Pyrexia: no. Meconium: no. Labor induced: no. Presentation: breech. CTG: 0 early decelerations, 0 variable decelerations, 1 late decelerations, 0 prolonged decelerations, 2 accelerations, 4 uterine contractions.",Vaginal
1354,"Gestational age 40 weeks. Maternal age 34, gravida 1, parity 1. Diabetes: no. Hypertension: no. Preeclampsia: no. Premature rupture of membranes: no. Pyrexia: no. Meconium: no. Labor induced: yes. Presentation: breech. CTG: 0 early decelerations, 2 variable decelerations, 0 late decelerations, 0 prolonged decelerations, 4 accelerations, 0 uterine contractions.",Vaginal
1355,"Gestational age 41 weeks. Maternal age 34, gravida 2, parity 0. Diabetes: no. Hypertension: no. Preeclampsia: no. Premature rupture of membranes: yes. Pyrexia: no. Meconium: no. Labor induced: no. Presentation: breech. CTG: 0 early decelerations, 0 variable decelerations, 0 late decelerations, 0 prolonged decelerations, 1 accelerations, 23 uterine contractions.",Vaginal
1356,"Gestational age 38 weeks. Maternal age 33, gravida 1, parity 1. Diabetes: no. Hypertension: no. Preeclampsia: no. Premature rupture of membranes: yes. Pyrexia: no. Meconium: no. Labor induced: yes. Presentation: breech. CTG: 1 early decelerations, 0 variable decelerations, 0 late decelerations, 0 prolonged decelerations, 0 accelerations, 14 uterine contractions.",Vaginal
1357,"Gestational age 41 weeks. Maternal age 27, gravida 1, parity 0. Diabetes: no. Hypertension: no. Preeclampsia: no. Premature rupture of membranes: no. Pyrexia: no. Meconium: no. Labor induced: no. Presentation: breech. CTG: 0 early decelerations, 0 variable decelerations, 0 late decelerations, 0 prolonged decelerations, 2 accelerations, 0 uterine contractions.",Vaginal
1358,"Gestational age 40 weeks. Maternal age 28, gravida 1, parity 1. Diabetes: no. Hypertension: yes. Preeclampsia: no. Premature rupture of membranes: no. Pyrexia: no. Meconium: no. Labor induced: yes. Presentation: breech. CTG: 1 early decelerations, 2 variable decelerations, 4 late decelerations, 0 prolonged decelerations, 2 accelerations, 8 uterine contractions.",Vaginal
1359,"Gestational age 40 weeks. Maternal age 27, gravida 1, parity 0. Diabetes: yes. Hypertension: yes. Preeclampsia: no. Premature rupture of membranes: no. Pyrexia: no. Meconium: no. Labor induced: yes. Presentation: breech. CTG: 3 early decelerations, 9 variable decelerations, 1 late decelerations, 0 prolonged decelerations, 8 accelerations, 6 uterine contractions.",Vaginal
1360,"Gestational age 40 weeks. Maternal age 30, gravida 1, parity 0. Diabetes: no. Hypertension: no. Preeclampsia: no. Premature rupture of membranes: yes. Pyrexia: no. Meconium: yes. Labor induced: no. Presentation: breech. CTG: 0 early decelerations, 0 variable decelerations, 0 late decelerations, 0 prolonged decelerations, 2 accelerations, 17 uterine contractions.",Vaginal
1361,"Gestational age 40 weeks. Maternal age 35, gravida 1, parity 0. Diabetes: no. Hypertension: no. Preeclampsia: no. Premature rupture of membranes: no. Pyrexia: no. Meconium: no. Labor induced: yes. Presentation: breech. CTG: 1 early decelerations, 1 variable decelerations, 0 late decelerations, 2 prolonged decelerations, 0 accelerations, 4 uterine contractions.",Vaginal
1362,"Gestational age 39 weeks. Maternal age 31, gravida 1, parity 1. Diabetes: no. Hypertension: no. Preeclampsia: yes. Premature rupture of membranes: no. Pyrexia: no. Meconium: no. Labor induced: no. Presentation: breech. CTG: 6 early decelerations, 0 variable decelerations, 0 late decelerations, 0 prolonged decelerations, 1 accelerations, 19 uterine contractions.",Vaginal
1363,"Gestational age 41 weeks. Maternal age 21, gravida 1, parity 0. Diabetes: no. Hypertension: no. Preeclampsia: no. Premature rupture of membranes: yes. Pyrexia: no. Meconium: no. Labor induced: no. Presentation: breech. CTG: 0 early decelerations, 0 variable decelerations, 0 late decelerations, 0 prolonged decelerations, 2 accelerations, 30 uterine contractions.",Vaginal
1364,"Gestational age 40 weeks. Maternal age 31, gravida 1, parity 0. Diabetes: no. Hypertension: no. Preeclampsia: no. Premature rupture of membranes: yes. Pyrexia: no. Meconium: no. Labor induced: yes. Presentation: breech. CTG: 0 early decelerations, 1 variable decelerations, 0 late decelerations, 0 prolonged decelerations, 0 accelerations, 27 uterine contractions.",Vaginal
1365,"Gestational age 40 weeks. Maternal age 35, gravida 1, parity 0. Diabetes: no. Hypertension: no. Preeclampsia: no. Premature rupture of membranes: no. Pyrexia: no. Meconium: no. Labor induced: no. Presentation: breech. CTG: 1 early decelerations, 2 variable decelerations, 0 late decelerations, 0 prolonged decelerations, 2 accelerations, 11 uterine contractions.",Vaginal
1366,"Gestational age 42 weeks. Maternal age 31, gravida 1, parity 0. Diabetes: no. Hypertension: no. Preeclampsia: no. Premature rupture of membranes: no. Pyrexia: no. Meconium: yes. Labor induced: no. Presentation: breech. CTG: 0 early decelerations, 0 variable decelerations, 0 late decelerations, 0 prolonged decelerations, 0 accelerations, 23 uterine contractions.",Vaginal
1367,"Gestational age 41 weeks. Maternal age 31, gravida 1, parity 1. Diabetes: no. Hypertension: no. Preeclampsia: no. Premature rupture of membranes: no. Pyrexia: no. Meconium: no. Labor induced: no. Presentation: breech. CTG: 0 early decelerations, 1 variable decelerations, 0 late decelerations, 0 prolonged decelerations, 1 accelerations, 8 uterine contractions.",Vaginal
1368,"Gestational age 41 weeks. Maternal age 29, gravida 1, parity 0. Diabetes: no. Hypertension: yes. Preeclampsia: no. Premature rupture of membranes: no. Pyrexia: no. Meconium: no. Labor induced: no. Presentation: breech. CTG: 1 early decelerations, 1 variable decelerations, 0 late decelerations, 0 prolonged decelerations, 1 accelerations, 21 uterine contractions.",Vaginal
1369,"Gestational age 40 weeks. Maternal age 30, gravida 1, parity 0. Diabetes: no. Hypertension: no. Preeclampsia: no. Premature rupture of membranes: yes. Pyrexia: no. Meconium: no. Labor induced: no. Presentation: breech. CTG: 0 early decelerations, 1 variable decelerations, 0 late decelerations, 0 prolonged decelerations, 0 accelerations, 4 uterine contractions.",Vaginal
1370,"Gestational age 40 weeks. Maternal age 35, gravida 2, parity 0. Diabetes: no. Hypertension: no. Preeclampsia: no. Premature rupture of membranes: no. Pyrexia: no. Meconium: yes. Labor induced: no. Presentation: breech. CTG: 0 early decelerations, 4 variable decelerations, 0 late decelerations, 1 prolonged decelerations, 4 accelerations, 1 uterine contractions.",Vaginal
1371,"Gestational age 41 weeks. Maternal age 35, gravida 1, parity 1. Diabetes: no. Hypertension: yes. Preeclampsia: no. Premature rupture of membranes: no. Pyrexia: no. Meconium: yes. Labor induced: yes. Presentation: breech. CTG: 1 early decelerations, 2 variable decelerations, 0 late decelerations, 0 prolonged decelerations, 1 accelerations, 23 uterine contractions.",Vaginal
1372,"Gestational age 41 weeks. Maternal age 38, gravida 4, parity 2. Diabetes: no. Hypertension: no. Preeclampsia: no. Premature rupture of membranes: no. Pyrexia: no. Meconium: no. Labor induced: no. Presentation: breech. CTG: 0 early decelerations, 0 variable decelerations, 0 late decelerations, 0 prolonged decelerations, 0 accelerations, 22 uterine contractions.",Vaginal
1373,"Gestational age 39 weeks. Maternal age 39, gravida 3, parity 2. Diabetes: no. Hypertension: no. Preeclampsia: no. Premature rupture of membranes: no. Pyrexia: no. Meconium: no. Labor induced: no. Presentation: breech. CTG: 0 early decelerations, 0 variable decelerations, 0 late decelerations, 0 prolonged decelerations, 0 accelerations, 18 uterine contractions.",Vaginal
1374,"Gestational age 40 weeks. Maternal age 28, gravida 2, parity 0. Diabetes: no. Hypertension: no. Preeclampsia: no. Premature rupture of membranes: no. Pyrexia: no. Meconium: no. Labor induced: no. Presentation: breech. CTG: 0 early decelerations, 1 variable decelerations, 0 late decelerations, 0 prolonged decelerations, 0 accelerations, 19 uterine contractions.",Vaginal
1375,"Gestational age 41 weeks. Maternal age 30, gravida 1, parity 0. Diabetes: no. Hypertension: no. Preeclampsia: no. Premature rupture of membranes: yes. Pyrexia: no. Meconium: no. Labor induced: no. Presentation: breech. CTG: 0 early decelerations, 0 variable decelerations, 0 late decelerations, 0 prolonged decelerations, 0 accelerations, 29 uterine contractions.",Vaginal
1376,"Gestational age 41 weeks. Maternal age 42, gravida 4, parity 0. Diabetes: no. Hypertension: no. Preeclampsia: no. Premature rupture of membranes: yes. Pyrexia: no. Meconium: no. Labor induced: no. Presentation: breech. CTG: 1 early decelerations, 8 variable decelerations, 0 late decelerations, 0 prolonged decelerations, 10 accelerations, 8 uterine contractions.",Vaginal
1377,"Gestational age 40 weeks. Maternal age 35, gravida 1, parity 1. Diabetes: no. Hypertension: no. Preeclampsia: no. Premature rupture of membranes: no. Pyrexia: no. Meconium: no. Labor induced: yes. Presentation: breech. CTG: 0 early decelerations, 0 variable decelerations, 0 late decelerations, 0 prolonged decelerations, 1 accelerations, 17 uterine contractions.",Vaginal
1378,"Gestational age 39 weeks. Maternal age 23, gravida 1, parity 0. Diabetes: no. Hypertension: yes. Preeclampsia: yes. Premature rupture of membranes: no. Pyrexia: no. Meconium: no. Labor induced: yes. Presentation: breech. CTG: 0 early decelerations, 1 variable decelerations, 0 late decelerations, 1 prolonged decelerations, 0 accelerations, 1 uterine contractions.",Vaginal
1379,"Gestational age 41 weeks. Maternal age 28, gravida 1, parity 1. Diabetes: no. Hypertension: no. Preeclampsia: no. Premature rupture of membranes: yes. Pyrexia: no. Meconium: no. Labor induced: no. Presentation: breech. CTG: 4 early decelerations, 1 variable decelerations, 0 late decelerations, 0 prolonged decelerations, 4 accelerations, 15 uterine contractions.",Vaginal
1380,"Gestational age 41 weeks. Maternal age 35, gravida 1, parity 1. Diabetes: no. Hypertension: no. Preeclampsia: no. Premature rupture of membranes: no. Pyrexia: no. Meconium: no. Labor induced: yes. Presentation: breech. CTG: 2 early decelerations, 0 variable decelerations, 0 late decelerations, 0 prolonged decelerations, 1 accelerations, 11 uterine contractions.",Vaginal
1381,"Gestational age 41 weeks. Maternal age 29, gravida 2, parity 0. Diabetes: no. Hypertension: no. Preeclampsia: no. Premature rupture of membranes: no. Pyrexia: no. Meconium: no. Labor induced: no. Presentation: breech. CTG: 0 early decelerations, 0 variable decelerations, 0 late decelerations, 1 prolonged decelerations, 3 accelerations, 23 uterine contractions.",Vaginal
1382,"Gestational age 40 weeks. Maternal age 30, gravida 1, parity 0. Diabetes: no. Hypertension: no. Preeclampsia: no. Premature rupture of membranes: yes. Pyrexia: no. Meconium: no. Labor induced: no. Presentation: other. CTG: 0 early decelerations, 0 variable decelerations, 0 late decelerations, 0 prolonged decelerations, 0 accelerations, 25 uterine contractions.",Vaginal
1383,"Gestational age 42 weeks. Maternal age 30, gravida 1, parity 0. Diabetes: no. Hypertension: no. Preeclampsia: no. Premature rupture of membranes: yes. Pyrexia: no. Meconium: no. Labor induced: no. Presentation: breech. CTG: 0 early decelerations, 1 variable decelerations, 0 late decelerations, 0 prolonged decelerations, 0 accelerations, 12 uterine contractions.",Vaginal
1384,"Gestational age 38 weeks. Maternal age 28, gravida 1, parity 0. Diabetes: no. Hypertension: no. Preeclampsia: no. Premature rupture of membranes: no. Pyrexia: no. Meconium: no. Labor induced: no. Presentation: cephalic. CTG: 0 early decelerations, 0 variable decelerations, 0 late decelerations, 0 prolonged decelerations, 0 accelerations, 0 uterine contractions.",Vaginal
1385,"Gestational age 37 weeks. Maternal age 28, gravida 1, parity 0. Diabetes: no. Hypertension: no. Preeclampsia: no. Premature rupture of membranes: yes. Pyrexia: no. Meconium: no. Labor induced: no. Presentation: breech. CTG: 3 early decelerations, 0 variable decelerations, 0 late decelerations, 0 prolonged decelerations, 7 accelerations, 18 uterine contractions.",Vaginal
1386,"Gestational age 39 weeks. Maternal age 31, gravida 1, parity 0. Diabetes: no. Hypertension: no. Preeclampsia: no. Premature rupture of membranes: no. Pyrexia: no. Meconium: no. Labor induced: yes. Presentation: breech. CTG: 0 early decelerations, 0 variable decelerations, 0 late decelerations, 0 prolonged decelerations, 0 accelerations, 19 uterine contractions.",Vaginal
1387,"Gestational age 39 weeks. Maternal age 31, gravida 1, parity 0. Diabetes: yes. Hypertension: no. Preeclampsia: no. Premature rupture of membranes: no. Pyrexia: no. Meconium: no. Labor induced: yes. Presentation: breech. CTG: 0 early decelerations, 0 variable decelerations, 0 late decelerations, 0 prolonged decelerations, 1 accelerations, 22 uterine contractions.",Vaginal
1388,"Gestational age 41 weeks. Maternal age 33, gravida 1, parity 0. Diabetes: no. Hypertension: no. Preeclampsia: no. Premature rupture of membranes: no. Pyrexia: no. Meconium: no. Labor induced: no. Presentation: breech. CTG: 0 early decelerations, 1 variable decelerations, 1 late decelerations, 0 prolonged decelerations, 3 accelerations, 17 uterine contractions.",Vaginal
1389,"Gestational age 41 weeks. Maternal age 35, gravida 1, parity 0. Diabetes: no. Hypertension: no. Preeclampsia: no. Premature rupture of membranes: yes. Pyrexia: no. Meconium: yes. Labor induced: no. Presentation: breech. CTG: 4 early decelerations, 5 variable decelerations, 0 late decelerations, 0 prolonged decelerations, 1 accelerations, 9 uterine contractions.",Vaginal
1390,"Gestational age 41 weeks. Maternal age 20, gravida 1, parity 0. Diabetes: no. Hypertension: no. Preeclampsia: no. Premature rupture of membranes: yes. Pyrexia: yes. Meconium: yes. Labor induced: no. Presentation: breech. CTG: 0 early decelerations, 1 variable decelerations, 2 late decelerations, 0 prolonged decelerations, 0 accelerations, 21 uterine contractions.",Vaginal
1391,"Gestational age 38 weeks. Maternal age 35, gravida 1, parity 0. Diabetes: yes. Hypertension: yes. Preeclampsia: yes. Premature rupture of membranes: yes. Pyrexia: no. Meconium: no. Labor induced: yes. Presentation: breech. CTG: 0 early decelerations, 3 variable decelerations, 0 late decelerations, 0 prolonged decelerations, 5 accelerations, 0 uterine contractions.",Vaginal
1392,"Gestational age 41 weeks. Maternal age 20, gravida 1, parity 0. Diabetes: no. Hypertension: no. Preeclampsia: no. Premature rupture of membranes: no. Pyrexia: no. Meconium: no. Labor induced: yes. Presentation: breech. CTG: 1 early decelerations, 0 variable decelerations, 0 late decelerations, 0 prolonged decelerations, 0 accelerations, 2 uterine contractions.",Vaginal
1393,"Gestational age 41 weeks. Maternal age 38, gravida 3, parity 2. Diabetes: no. Hypertension: no. Preeclampsia: no. Premature rupture of membranes: no. Pyrexia: no. Meconium: no. Labor induced: yes. Presentation: other. CTG: 0 early decelerations, 7 variable decelerations, 0 late decelerations, 0 prolonged decelerations, 0 accelerations, 0 uterine contractions.",Vaginal
1394,"Gestational age 41 weeks. Maternal age 22, gravida 1, parity 0. Diabetes: no. Hypertension: no. Preeclampsia: no. Premature rupture of membranes: no. Pyrexia: no. Meconium: no. Labor induced: no. Presentation: breech. CTG: 2 early decelerations, 4 variable decelerations, 0 late decelerations, 0 prolonged decelerations, 1 accelerations, 8 uterine contractions.",Vaginal
1395,"Gestational age 40 weeks. Maternal age 32, gravida 1, parity 1. Diabetes: no. Hypertension: no. Preeclampsia: no. Premature rupture of membranes: no. Pyrexia: no. Meconium: no. Labor induced: yes. Presentation: breech. CTG: 4 early decelerations, 7 variable decelerations, 0 late decelerations, 0 prolonged decelerations, 1 accelerations, 8 uterine contractions.",Vaginal
1396,"Gestational age 39 weeks. Maternal age 28, gravida 2, parity 2. Diabetes: no. Hypertension: no. Preeclampsia: no. Premature rupture of membranes: no. Pyrexia: no. Meconium: no. Labor induced: yes. Presentation: unknown. CTG: 0 early decelerations, 1 variable decelerations, 0 late decelerations, 0 prolonged decelerations, 3 accelerations, 0 uterine contractions.",Vaginal
1397,"Gestational age 40 weeks. Maternal age 28, gravida 1, parity 1. Diabetes: no. Hypertension: no. Preeclampsia: no. Premature rupture of membranes: no. Pyrexia: no. Meconium: no. Labor induced: no. Presentation: breech. CTG: 0 early decelerations, 4 variable decelerations, 0 late decelerations, 0 prolonged decelerations, 0 accelerations, 0 uterine contractions.",Vaginal
1398,"Gestational age 41 weeks. Maternal age 32, gravida 1, parity 0. Diabetes: no. Hypertension: no. Preeclampsia: no. Premature rupture of membranes: no. Pyrexia: no. Meconium: no. Labor induced: no. Presentation: breech. CTG: 1 early decelerations, 4 variable decelerations, 0 late decelerations, 1 prolonged decelerations, 0 accelerations, 6 uterine contractions.",Vaginal
1399,"Gestational age 40 weeks. Maternal age 30, gravida 2, parity 1. Diabetes: no. Hypertension: no. Preeclampsia: no. Premature rupture of membranes: no. Pyrexia: no. Meconium: yes. Labor induced: no. Presentation: breech. CTG: 0 early decelerations, 3 variable decelerations, 0 late decelerations, 0 prolonged decelerations, 3 accelerations, 6 uterine contractions.",Vaginal
1400,"Gestational age 41 weeks. Maternal age 31, gravida 1, parity 0. Diabetes: no. Hypertension: no. Preeclampsia: no. Premature rupture of membranes: no. Pyrexia: no. Meconium: no. Labor induced: yes. Presentation: breech. CTG: 0 early decelerations, 7 variable decelerations, 0 late decelerations, 1 prolonged decelerations, 2 accelerations, 0 uterine contractions.",Vaginal
1401,"Gestational age 40 weeks. Maternal age 23, gravida 1, parity 0. Diabetes: no. Hypertension: no. Preeclampsia: no. Premature rupture of membranes: no. Pyrexia: no. Meconium: no. Labor induced: no. Presentation: breech. CTG: 0 early decelerations, 0 variable decelerations, 0 late decelerations, 0 prolonged decelerations, 0 accelerations, 12 uterine contractions.",Vaginal
1402,"Gestational age 37 weeks. Maternal age 34, gravida 1, parity 0. Diabetes: no. Hypertension: no. Preeclampsia: no. Premature rupture of membranes: yes. Pyrexia: no. Meconium: no. Labor induced: no. Presentation: breech. CTG: 1 early decelerations, 1 variable decelerations, 0 late decelerations, 0 prolonged decelerations, 3 accelerations, 22 uterine contractions.",Vaginal
1403,"Gestational age 39 weeks. Maternal age 33, gravida 1, parity 0. Diabetes: no. Hypertension: no. Preeclampsia: no. Premature rupture of membranes: yes. Pyrexia: no. Meconium: no. Labor induced: no. Presentation: breech. CTG: 1 early decelerations, 0 variable decelerations, 1 late decelerations, 0 prolonged decelerations, 2 accelerations, 14 uterine contractions.",Vaginal
1404,"Gestational age 40 weeks. Maternal age 25, gravida 1, parity 0. Diabetes: no. Hypertension: no. Preeclampsia: no. Premature rupture of membranes: no. Pyrexia: no. Meconium: yes. Labor induced: yes. Presentation: breech. CTG: 0 early decelerations, 2 variable decelerations, 0 late decelerations, 1 prolonged decelerations, 0 accelerations, 3 uterine contractions.",Vaginal
1405,"Gestational age 39 weeks. Maternal age 33, gravida 1, parity 0. Diabetes: no. Hypertension: no. Preeclampsia: no. Premature rupture of membranes: no. Pyrexia: no. Meconium: no. Labor induced: no. Presentation: breech. CTG: 0 early decelerations, 4 variable decelerations, 0 late decelerations, 0 prolonged decelerations, 2 accelerations, 1 uterine contractions.",Vaginal
1406,"Gestational age 39 weeks. Maternal age 26, gravida 1, parity 0. Diabetes: no. Hypertension: no. Preeclampsia: no. Premature rupture of membranes: no. Pyrexia: no. Meconium: no. Labor induced: no. Presentation: breech. CTG: 0 early decelerations, 6 variable decelerations, 0 late decelerations, 0 prolonged decelerations, 5 accelerations, 0 uterine contractions.",Vaginal
1407,"Gestational age 39 weeks. Maternal age 29, gravida 1, parity 1. Diabetes: no. Hypertension: yes. Preeclampsia: no. Premature rupture of membranes: no. Pyrexia: no. Meconium: no. Labor induced: no. Presentation: breech. CTG: 0 early decelerations, 0 variable decelerations, 0 late decelerations, 0 prolonged decelerations, 0 accelerations, 22 uterine contractions.",Vaginal
1408,"Gestational age 40 weeks. Maternal age 22, gravida 1, parity 0. Diabetes: no. Hypertension: no. Preeclampsia: no. Premature rupture of membranes: no. Pyrexia: no. Meconium: no. Labor induced: no. Presentation: unknown. CTG: 0 early decelerations, 0 variable decelerations, 0 late decelerations, 0 prolonged decelerations, 0 accelerations, 15 uterine contractions.",Vaginal
1409,"Gestational age 39 weeks. Maternal age 28, gravida 1, parity 0. Diabetes: no. Hypertension: no. Preeclampsia: no. Premature rupture of membranes: yes. Pyrexia: no. Meconium: no. Labor induced: no. Presentation: breech. CTG: 3 early decelerations, 1 variable decelerations, 0 late decelerations, 0 prolonged decelerations, 6 accelerations, 5 uterine contractions.",Vaginal
1410,"Gestational age 40 weeks. Maternal age 25, gravida 1, parity 0. Diabetes: no. Hypertension: no. Preeclampsia: no. Premature rupture of membranes: no. Pyrexia: no. Meconium: no. Labor induced: yes. Presentation: breech. CTG: 0 early decelerations, 0 variable decelerations, 0 late decelerations, 0 prolonged decelerations, 0 accelerations, 23 uterine contractions.",Vaginal
1411,"Gestational age 40 weeks. Maternal age 32, gravida 1, parity 1. Diabetes: no. Hypertension: no. Preeclampsia: no. Premature rupture of membranes: no. Pyrexia: no. Meconium: no. Labor induced: no. Presentation: breech. CTG: 1 early decelerations, 1 variable decelerations, 0 late decelerations, 0 prolonged decelerations, 0 accelerations, 9 uterine contractions.",Vaginal
1412,"Gestational age 40 weeks. Maternal age 28, gravida 1, parity 0. Diabetes: no. Hypertension: no. Preeclampsia: no. Premature rupture of membranes: no. Pyrexia: no. Meconium: no. Labor induced: no. Presentation: breech. CTG: 1 early decelerations, 5 variable decelerations, 3 late decelerations, 0 prolonged decelerations, 10 accelerations, 9 uterine contractions.",Vaginal
1413,"Gestational age 40 weeks. Maternal age 31, gravida 1, parity 1. Diabetes: no. Hypertension: no. Preeclampsia: no. Premature rupture of membranes: yes. Pyrexia: no. Meconium: no. Labor induced: no. Presentation: breech. CTG: 7 early decelerations, 0 variable decelerations, 0 late decelerations, 0 prolonged decelerations, 2 accelerations, 33 uterine contractions.",Vaginal
1414,"Gestational age 41 weeks. Maternal age 30, gravida 1, parity 0. Diabetes: no. Hypertension: no. Preeclampsia: no. Premature rupture of membranes: no. Pyrexia: no. Meconium: no. Labor induced: yes. Presentation: breech. CTG: 0 early decelerations, 0 variable decelerations, 0 late decelerations, 0 prolonged decelerations, 0 accelerations, 21 uterine contractions.",Vaginal
1415,"Gestational age 42 weeks. Maternal age 29, gravida 1, parity 1. Diabetes: no. Hypertension: no. Preeclampsia: no. Premature rupture of membranes: yes. Pyrexia: no. Meconium: no. Labor induced: no. Presentation: breech. CTG: 0 early decelerations, 0 variable decelerations, 0 late decelerations, 0 prolonged decelerations, 0 accelerations, 0 uterine contractions.",Vaginal
1416,"Gestational age 42 weeks. Maternal age 30, gravida 2, parity 0. Diabetes: no. Hypertension: no. Preeclampsia: no. Premature rupture of membranes: no. Pyrexia: no. Meconium: yes. Labor induced: no. Presentation: breech. CTG: 0 early decelerations, 0 variable decelerations, 2 late decelerations, 0 prolonged decelerations, 4 accelerations, 18 uterine contractions.",Vaginal
1417,"Gestational age 41 weeks. Maternal age 29, gravida 1, parity 0. Diabetes: no. Hypertension: no. Preeclampsia: no. Premature rupture of membranes: no. Pyrexia: no. Meconium: no. Labor induced: yes. Presentation: breech. CTG: 1 early decelerations, 0 variable decelerations, 0 late decelerations, 0 prolonged decelerations, 3 accelerations, 6 uterine contractions.",Vaginal
1418,"Gestational age 39 weeks. Maternal age 36, gravida 1, parity 0. Diabetes: no. Hypertension: no. Preeclampsia: no. Premature rupture of membranes: no. Pyrexia: no. Meconium: no. Labor induced: no. Presentation: breech. CTG: 11 early decelerations, 0 variable decelerations, 0 late decelerations, 0 prolonged decelerations, 2 accelerations, 20 uterine contractions.",Vaginal
1419,"Gestational age 41 weeks. Maternal age 26, gravida 2, parity 0. Diabetes: no. Hypertension: no. Preeclampsia: no. Premature rupture of membranes: no. Pyrexia: no. Meconium: no. Labor induced: yes. Presentation: breech. CTG: 2 early decelerations, 0 variable decelerations, 0 late decelerations, 0 prolonged decelerations, 0 accelerations, 11 uterine contractions.",Vaginal
1420,"Gestational age 38 weeks. Maternal age 40, gravida 2, parity 2. Diabetes: no. Hypertension: no. Preeclampsia: no. Premature rupture of membranes: yes. Pyrexia: no. Meconium: no. Labor induced: yes. Presentation: breech. CTG: 0 early decelerations, 12 variable decelerations, 0 late decelerations, 0 prolonged decelerations, 2 accelerations, 0 uterine contractions.",Vaginal
1421,"Gestational age 41 weeks. Maternal age 26, gravida 1, parity 0. Diabetes: no. Hypertension: no. Preeclampsia: no. Premature rupture of membranes: no. Pyrexia: no. Meconium: yes. Labor induced: no. Presentation: cephalic. CTG: 0 early decelerations, 0 variable decelerations, 0 late decelerations, 0 prolonged decelerations, 0 accelerations, 16 uterine contractions.",Vaginal
1422,"Gestational age 40 weeks. Maternal age 22, gravida 1, parity 0. Diabetes: no. Hypertension: yes. Preeclampsia: no. Premature rupture of membranes: no. Pyrexia: no. Meconium: no. Labor induced: no. Presentation: other. CTG: 0 early decelerations, 0 variable decelerations, 0 late decelerations, 0 prolonged decelerations, 0 accelerations, 0 uterine contractions.",Vaginal
1423,"Gestational age 39 weeks. Maternal age 33, gravida 1, parity 0. Diabetes: no. Hypertension: yes. Preeclampsia: no. Premature rupture of membranes: no. Pyrexia: no. Meconium: no. Labor induced: yes. Presentation: breech. CTG: 8 early decelerations, 5 variable decelerations, 0 late decelerations, 0 prolonged decelerations, 0 accelerations, 15 uterine contractions.",Vaginal
1424,"Gestational age 39 weeks. Maternal age 30, gravida 1, parity 0. Diabetes: no. Hypertension: no. Preeclampsia: no. Premature rupture of membranes: no. Pyrexia: no. Meconium: no. Labor induced: no. Presentation: breech. CTG: 3 early decelerations, 0 variable decelerations, 0 late decelerations, 0 prolonged decelerations, 0 accelerations, 21 uterine contractions.",Vaginal
1425,"Gestational age 38 weeks. Maternal age 27, gravida 1, parity 0. Diabetes: no. Hypertension: no. Preeclampsia: no. Premature rupture of membranes: yes. Pyrexia: no. Meconium: no. Labor induced: no. Presentation: cephalic. CTG: 1 early decelerations, 0 variable decelerations, 0 late decelerations, 1 prolonged decelerations, 0 accelerations, 21 uterine contractions.",Vaginal
1426,"Gestational age 40 weeks. Maternal age 26, gravida 1, parity 0. Diabetes: no. Hypertension: no. Preeclampsia: no. Premature rupture of membranes: yes. Pyrexia: no. Meconium: no. Labor induced: no. Presentation: breech. CTG: 2 early decelerations, 1 variable decelerations, 1 late decelerations, 0 prolonged decelerations, 0 accelerations, 4 uterine contractions.",Vaginal
1427,"Gestational age 37 weeks. Maternal age 23, gravida 5, parity 1. Diabetes: no. Hypertension: no. Preeclampsia: no. Premature rupture of membranes: no. Pyrexia: no. Meconium: yes. Labor induced: no. Presentation: breech. CTG: 5 early decelerations, 7 variable decelerations, 1 late decelerations, 0 prolonged decelerations, 0 accelerations, 8 uterine contractions.",Vaginal
1428,"Gestational age 42 weeks. Maternal age 32, gravida 1, parity 1. Diabetes: no. Hypertension: no. Preeclampsia: no. Premature rupture of membranes: no. Pyrexia: no. Meconium: no. Labor induced: yes. Presentation: breech. CTG: 0 early decelerations, 0 variable decelerations, 0 late decelerations, 0 prolonged decelerations, 2 accelerations, 28 uterine contractions.",Vaginal
1429,"Gestational age 40 weeks. Maternal age 22, gravida 1, parity 1. Diabetes: no. Hypertension: no. Preeclampsia: no. Premature rupture of membranes: no. Pyrexia: no. Meconium: no. Labor induced: yes. Presentation: breech. CTG: 0 early decelerations, 1 variable decelerations, 0 late decelerations, 0 prolonged decelerations, 3 accelerations, 20 uterine contractions.",Vaginal
1430,"Gestational age 37 weeks. Maternal age 29, gravida 1, parity 0. Diabetes: no. Hypertension: no. Preeclampsia: no. Premature rupture of membranes: no. Pyrexia: no. Meconium: no. Labor induced: no. Presentation: breech. CTG: 2 early decelerations, 0 variable decelerations, 0 late decelerations, 0 prolonged decelerations, 0 accelerations, 22 uterine contractions.",Vaginal
1431,"Gestational age 41 weeks. Maternal age 31, gravida 2, parity 1. Diabetes: no. Hypertension: no. Preeclampsia: no. Premature rupture of membranes: no. Pyrexia: no. Meconium: no. Labor induced: yes. Presentation: breech. CTG: 0 early decelerations, 0 variable decelerations, 0 late decelerations, 0 prolonged decelerations, 0 accelerations, 0 uterine contractions.",Vaginal
1432,"Gestational age 39 weeks. Maternal age 39, gravida 4, parity 2. Diabetes: no. Hypertension: no. Preeclampsia: no. Premature rupture of membranes: yes. Pyrexia: no. Meconium: no. Labor induced: yes. Presentation: breech. CTG: 0 early decelerations, 0 variable decelerations, 0 late decelerations, 0 prolonged decelerations, 2 accelerations, 11 uterine contractions.",Vaginal
1433,"Gestational age 42 weeks. Maternal age 21, gravida 1, parity 0. Diabetes: no. Hypertension: no. Preeclampsia: no. Premature rupture of membranes: no. Pyrexia: no. Meconium: no. Labor induced: yes. Presentation: breech. CTG: 10 early decelerations, 0 variable decelerations, 0 late decelerations, 0 prolonged decelerations, 0 accelerations, 23 uterine contractions.",Vaginal
1434,"Gestational age 39 weeks. Maternal age 25, gravida 1, parity 0. Diabetes: no. Hypertension: no. Preeclampsia: no. Premature rupture of membranes: yes. Pyrexia: no. Meconium: no. Labor induced: no. Presentation: breech. CTG: 0 early decelerations, 3 variable decelerations, 0 late decelerations, 0 prolonged decelerations, 0 accelerations, 3 uterine contractions.",Vaginal
1435,"Gestational age 40 weeks. Maternal age 26, gravida 1, parity 0. Diabetes: no. Hypertension: no. Preeclampsia: no. Premature rupture of membranes: no. Pyrexia: no. Meconium: no. Labor induced: no. Presentation: breech. CTG: 7 early decelerations, 3 variable decelerations, 0 late decelerations, 0 prolonged decelerations, 6 accelerations, 30 uterine contractions.",Vaginal
1436,"Gestational age 41 weeks. Maternal age 39, gravida 1, parity 0. Diabetes: no. Hypertension: no. Preeclampsia: no. Premature rupture of membranes: no. Pyrexia: no. Meconium: no. Labor induced: yes. Presentation: breech. CTG: 0 early decelerations, 0 variable decelerations, 0 late decelerations, 0 prolonged decelerations, 0 accelerations, 0 uterine contractions.",Vaginal
1437,"Gestational age 39 weeks. Maternal age 29, gravida 1, parity 1. Diabetes: no. Hypertension: no. Preeclampsia: no. Premature rupture of membranes: no. Pyrexia: no. Meconium: no. Labor induced: yes. Presentation: breech. CTG: 5 early decelerations, 2 variable decelerations, 1 late decelerations, 0 prolonged decelerations, 0 accelerations, 8 uterine contractions.",Vaginal
1438,"Gestational age 40 weeks. Maternal age 30, gravida 1, parity 0. Diabetes: no. Hypertension: no. Preeclampsia: no. Premature rupture of membranes: no. Pyrexia: no. Meconium: no. Labor induced: no. Presentation: breech. CTG: 0 early decelerations, 0 variable decelerations, 0 late decelerations, 0 prolonged decelerations, 2 accelerations, 14 uterine contractions.",Vaginal
1439,"Gestational age 39 weeks. Maternal age 31, gravida 1, parity 0. Diabetes: no. Hypertension: no. Preeclampsia: no. Premature rupture of membranes: no. Pyrexia: no. Meconium: no. Labor induced: no. Presentation: breech. CTG: 3 early decelerations, 0 variable decelerations, 0 late decelerations, 0 prolonged decelerations, 0 accelerations, 32 uterine contractions.",Vaginal
1440,"Gestational age 38 weeks. Maternal age 30, gravida 3, parity 1. Diabetes: no. Hypertension: no. Preeclampsia: no. Premature rupture of membranes: no. Pyrexia: no. Meconium: no. Labor induced: yes. Presentation: breech. CTG: 2 early decelerations, 1 variable decelerations, 0 late decelerations, 0 prolonged decelerations, 0 accelerations, 26 uterine contractions.",Vaginal
1441,"Gestational age 38 weeks. Maternal age 33, gravida 2, parity 2. Diabetes: no. Hypertension: no. Preeclampsia: no. Premature rupture of membranes: no. Pyrexia: no. Meconium: no. Labor induced: no. Presentation: breech. CTG: 1 early decelerations, 3 variable decelerations, 0 late decelerations, 0 prolonged decelerations, 11 accelerations, 10 uterine contractions.",Vaginal
1442,"Gestational age 40 weeks. Maternal age 26, gravida 1, parity 0. Diabetes: no. Hypertension: no. Preeclampsia: no. Premature rupture of membranes: yes. Pyrexia: no. Meconium: no. Labor induced: no. Presentation: breech. CTG: 0 early decelerations, 0 variable decelerations, 0 late decelerations, 0 prolonged decelerations, 1 accelerations, 31 uterine contractions.",Vaginal
1443,"Gestational age 39 weeks. Maternal age 33, gravida 1, parity 1. Diabetes: no. Hypertension: no. Preeclampsia: no. Premature rupture of membranes: no. Pyrexia: no. Meconium: no. Labor induced: no. Presentation: breech. CTG: 7 early decelerations, 0 variable decelerations, 0 late decelerations, 0 prolonged decelerations, 1 accelerations, 18 uterine contractions.",Vaginal
1444,"Gestational age 40 weeks. Maternal age 21, gravida 1, parity 0. Diabetes: no. Hypertension: no. Preeclampsia: no. Premature rupture of membranes: yes. Pyrexia: no. Meconium: no. Labor induced: no. Presentation: breech. CTG: 0 early decelerations, 0 variable decelerations, 0 late decelerations, 0 prolonged decelerations, 5 accelerations, 7 uterine contractions.",Vaginal
1445,"Gestational age 41 weeks. Maternal age 39, gravida 2, parity 2. Diabetes: no. Hypertension: no. Preeclampsia: no. Premature rupture of membranes: no. Pyrexia: no. Meconium: no. Labor induced: yes. Presentation: breech. CTG: 5 early decelerations, 7 variable decelerations, 2 late decelerations, 0 prolonged decelerations, 0 accelerations, 11 uterine contractions.",Vaginal
1446,"Gestational age 41 weeks. Maternal age 31, gravida 1, parity 1. Diabetes: no. Hypertension: no. Preeclampsia: no. Premature rupture of membranes: no. Pyrexia: no. Meconium: no. Labor induced: no. Presentation: breech. CTG: 0 early decelerations, 0 variable decelerations, 0 late decelerations, 0 prolonged decelerations, 0 accelerations, 14 uterine contractions.",Vaginal
1447,"Gestational age 41 weeks. Maternal age 37, gravida 1, parity 0. Diabetes: no. Hypertension: no. Preeclampsia: no. Premature rupture of membranes: no. Pyrexia: no. Meconium: no. Labor induced: no. Presentation: breech. CTG: 0 early decelerations, 0 variable decelerations, 2 late decelerations, 0 prolonged decelerations, 0 accelerations, 12 uterine contractions.",Vaginal
1448,"Gestational age 39 weeks. Maternal age 35, gravida 3, parity 0. Diabetes: no. Hypertension: no. Preeclampsia: no. Premature rupture of membranes: yes. Pyrexia: no. Meconium: no. Labor induced: no. Presentation: breech. CTG: 0 early decelerations, 0 variable decelerations, 0 late decelerations, 0 prolonged decelerations, 0 accelerations, 9 uterine contractions.",Vaginal
1449,"Gestational age 41 weeks. Maternal age 23, gravida 1, parity 0. Diabetes: no. Hypertension: no. Preeclampsia: no. Premature rupture of membranes: no. Pyrexia: no. Meconium: yes. Labor induced: yes. Presentation: breech. CTG: 5 early decelerations, 0 variable decelerations, 0 late decelerations, 0 prolonged decelerations, 0 accelerations, 15 uterine contractions.",Vaginal
1450,"Gestational age 40 weeks. Maternal age 32, gravida 1, parity 0. Diabetes: no. Hypertension: no. Preeclampsia: no. Premature rupture of membranes: no. Pyrexia: no. Meconium: no. Labor induced: yes. Presentation: cephalic. CTG: 5 early decelerations, 7 variable decelerations, 1 late decelerations, 0 prolonged decelerations, 5 accelerations, 13 uterine contractions.",Vaginal
1451,"Gestational age 39 weeks. Maternal age 33, gravida 1, parity 0. Diabetes: no. Hypertension: no. Preeclampsia: no. Premature rupture of membranes: yes. Pyrexia: no. Meconium: no. Labor induced: yes. Presentation: breech. CTG: 0 early decelerations, 9 variable decelerations, 0 late decelerations, 0 prolonged decelerations, 4 accelerations, 0 uterine contractions.",Vaginal
1452,"Gestational age 41 weeks. Maternal age 22, gravida 1, parity 0. Diabetes: no. Hypertension: no. Preeclampsia: no. Premature rupture of membranes: no. Pyrexia: no. Meconium: no. Labor induced: no. Presentation: breech. CTG: 4 early decelerations, 5 variable decelerations, 0 late decelerations, 0 prolonged decelerations, 0 accelerations, 8 uterine contractions.",Vaginal
1453,"Gestational age 41 weeks. Maternal age 21, gravida 5, parity 1. Diabetes: no. Hypertension: no. Preeclampsia: no. Premature rupture of membranes: no. Pyrexia: no. Meconium: no. Labor induced: yes. Presentation: breech. CTG: 2 early decelerations, 0 variable decelerations, 0 late decelerations, 0 prolonged decelerations, 0 accelerations, 3 uterine contractions.",Vaginal
1454,"Gestational age 42 weeks. Maternal age 26, gravida 1, parity 0. Diabetes: no. Hypertension: no. Preeclampsia: no. Premature rupture of membranes: no. Pyrexia: no. Meconium: no. Labor induced: yes. Presentation: breech. CTG: 1 early decelerations, 4 variable decelerations, 0 late decelerations, 0 prolonged decelerations, 5 accelerations, 10 uterine contractions.",Vaginal
1455,"Gestational age 40 weeks. Maternal age 29, gravida 1, parity 0. Diabetes: no. Hypertension: no. Preeclampsia: no. Premature rupture of membranes: no. Pyrexia: no. Meconium: no. Labor induced: no. Presentation: breech. CTG: 1 early decelerations, 1 variable decelerations, 1 late decelerations, 0 prolonged decelerations, 1 accelerations, 27 uterine contractions.",Vaginal
1456,"Gestational age 39 weeks. Maternal age 29, gravida 1, parity 0. Diabetes: no. Hypertension: yes. Preeclampsia: yes. Premature rupture of membranes: no. Pyrexia: no. Meconium: yes. Labor induced: yes. Presentation: breech. CTG: 17 early decelerations, 0 variable decelerations, 0 late decelerations, 0 prolonged decelerations, 1 accelerations, 0 uterine contractions.",Vaginal
1457,"Gestational age 38 weeks. Maternal age 26, gravida 1, parity 1. Diabetes: no. Hypertension: no. Preeclampsia: no. Premature rupture of membranes: no. Pyrexia: no. Meconium: no. Labor induced: no. Presentation: other. CTG: 11 early decelerations, 5 variable decelerations, 2 late decelerations, 0 prolonged decelerations, 0 accelerations, 27 uterine contractions.",Vaginal
1458,"Gestational age 41 weeks. Maternal age 33, gravida 1, parity 1. Diabetes: no. Hypertension: no. Preeclampsia: no. Premature rupture of membranes: no. Pyrexia: no. Meconium: no. Labor induced: no. Presentation: breech. CTG: 9 early decelerations, 0 variable decelerations, 0 late decelerations, 0 prolonged decelerations, 0 accelerations, 32 uterine contractions.",Vaginal
1459,"Gestational age 40 weeks. Maternal age 27, gravida 1, parity 0. Diabetes: no. Hypertension: no. Preeclampsia: no. Premature rupture of membranes: no. Pyrexia: no. Meconium: no. Labor induced: no. Presentation: breech. CTG: 3 early decelerations, 5 variable decelerations, 0 late decelerations, 0 prolonged decelerations, 0 accelerations, 8 uterine contractions.",Vaginal
1460,"Gestational age 40 weeks. Maternal age 23, gravida 1, parity 0. Diabetes: no. Hypertension: no. Preeclampsia: no. Premature rupture of membranes: yes. Pyrexia: no. Meconium: no. Labor induced: no. Presentation: breech. CTG: 0 early decelerations, 0 variable decelerations, 0 late decelerations, 0 prolonged decelerations, 4 accelerations, 23 uterine contractions.",Vaginal
1461,"Gestational age 41 weeks. Maternal age 33, gravida 1, parity 0. Diabetes: yes. Hypertension: no. Preeclampsia: no. Premature rupture of membranes: no. Pyrexia: no. Meconium: no. Labor induced: yes. Presentation: breech. CTG: 4 early decelerations, 0 variable decelerations, 0 late decelerations, 0 prolonged decelerations, 0 accelerations, 21 uterine contractions.",Vaginal
1462,"Gestational age 40 weeks. Maternal age 26, gravida 1, parity 0. Diabetes: no. Hypertension: no. Preeclampsia: no. Premature rupture of membranes: no. Pyrexia: no. Meconium: no. Labor induced: no. Presentation: breech. CTG: 1 early decelerations, 3 variable decelerations, 1 late decelerations, 0 prolonged decelerations, 0 accelerations, 10 uterine contractions.",Vaginal
1463,"Gestational age 39 weeks. Maternal age 31, gravida 1, parity 0. Diabetes: no. Hypertension: no. Preeclampsia: no. Premature rupture of membranes: no. Pyrexia: no. Meconium: no. Labor induced: no. Presentation: breech. CTG: 4 early decelerations, 2 variable decelerations, 0 late decelerations, 0 prolonged decelerations, 1 accelerations, 14 uterine contractions.",Vaginal
1464,"Gestational age 41 weeks. Maternal age 25, gravida 1, parity 0. Diabetes: no. Hypertension: no. Preeclampsia: no. Premature rupture of membranes: no. Pyrexia: no. Meconium: no. Labor induced: no. Presentation: breech. CTG: 6 early decelerations, 0 variable decelerations, 0 late decelerations, 0 prolonged decelerations, 7 accelerations, 36 uterine contractions.",Vaginal
1465,"Gestational age 40 weeks. Maternal age 25, gravida 1, parity 0. Diabetes: no. Hypertension: no. Preeclampsia: no. Premature rupture of membranes: yes. Pyrexia: no. Meconium: no. Labor induced: no. Presentation: breech. CTG: 0 early decelerations, 3 variable decelerations, 0 late decelerations, 0 prolonged decelerations, 1 accelerations, 2 uterine contractions.",Vaginal
1466,"Gestational age 40 weeks. Maternal age 23, gravida 1, parity 0. Diabetes: no. Hypertension: no. Preeclampsia: no. Premature rupture of membranes: no. Pyrexia: no. Meconium: no. Labor induced: no. Presentation: breech. CTG: 6 early decelerations, 0 variable decelerations, 1 late decelerations, 0 prolonged decelerations, 4 accelerations, 21 uterine contractions.",Vaginal
1467,"Gestational age 41 weeks. Maternal age 22, gravida 1, parity 0. Diabetes: no. Hypertension: yes. Preeclampsia: no. Premature rupture of membranes: no. Pyrexia: no. Meconium: yes. Labor induced: no. Presentation: other. CTG: 1 early decelerations, 6 variable decelerations, 2 late decelerations, 0 prolonged decelerations, 0 accelerations, 7 uterine contractions.",Vaginal
1468,"Gestational age 41 weeks. Maternal age 29, gravida 4, parity 2. Diabetes: no. Hypertension: no. Preeclampsia: no. Premature rupture of membranes: no. Pyrexia: no. Meconium: no. Labor induced: yes. Presentation: breech. CTG: 1 early decelerations, 0 variable decelerations, 0 late decelerations, 0 prolonged decelerations, 0 accelerations, 41 uterine contractions.",Vaginal
1469,"Gestational age 40 weeks. Maternal age 35, gravida unknown, parity 1. Diabetes: no. Hypertension: no. Preeclampsia: no. Premature rupture of membranes: no. Pyrexia: no. Meconium: no. Labor induced: no. Presentation: breech. CTG: 0 early decelerations, 0 variable decelerations, 0 late decelerations, 0 prolonged decelerations, 0 accelerations, 7 uterine contractions.",Vaginal
1470,"Gestational age 40 weeks. Maternal age 28, gravida 1, parity 1. Diabetes: no. Hypertension: no. Preeclampsia: no. Premature rupture of membranes: no. Pyrexia: no. Meconium: no. Labor induced: no. Presentation: breech. CTG: 2 early decelerations, 0 variable decelerations, 0 late decelerations, 0 prolonged decelerations, 2 accelerations, 28 uterine contractions.",Vaginal
1471,"Gestational age 40 weeks. Maternal age 38, gravida 1, parity 0. Diabetes: no. Hypertension: no. Preeclampsia: no. Premature rupture of membranes: yes. Pyrexia: no. Meconium: no. Labor induced: no. Presentation: breech. CTG: 7 early decelerations, 8 variable decelerations, 0 late decelerations, 0 prolonged decelerations, 2 accelerations, 11 uterine contractions.",Vaginal
1472,"Gestational age 38 weeks. Maternal age 32, gravida 2, parity 1. Diabetes: no. Hypertension: no. Preeclampsia: no. Premature rupture of membranes: no. Pyrexia: no. Meconium: no. Labor induced: yes. Presentation: cephalic. CTG: 0 early decelerations, 0 variable decelerations, 0 late decelerations, 0 prolonged decelerations, 0 accelerations, 27 uterine contractions.",Vaginal
1473,"Gestational age 40 weeks. Maternal age 35, gravida 1, parity 0. Diabetes: no. Hypertension: no. Preeclampsia: no. Premature rupture of membranes: no. Pyrexia: no. Meconium: no. Labor induced: yes. Presentation: breech. CTG: 6 early decelerations, 0 variable decelerations, 0 late decelerations, 0 prolonged decelerations, 0 accelerations, 46 uterine contractions.",Vaginal
1474,"Gestational age 40 weeks. Maternal age 24, gravida 1, parity 0. Diabetes: no. Hypertension: no. Preeclampsia: no. Premature rupture of membranes: no. Pyrexia: no. Meconium: no. Labor induced: no. Presentation: breech. CTG: 3 early decelerations, 0 variable decelerations, 0 late decelerations, 0 prolonged decelerations, 5 accelerations, 3 uterine contractions.",Vaginal
1475,"Gestational age 39 weeks. Maternal age 26, gravida 1, parity 0. Diabetes: no. Hypertension: no. Preeclampsia: no. Premature rupture of membranes: no. Pyrexia: no. Meconium: no. Labor induced: no. Presentation: breech. CTG: 0 early decelerations, 0 variable decelerations, 0 late decelerations, 0 prolonged decelerations, 1 accelerations, 26 uterine contractions.",Vaginal
1476,"Gestational age 38 weeks. Maternal age 25, gravida 1, parity 0. Diabetes: no. Hypertension: no. Preeclampsia: no. Premature rupture of membranes: yes. Pyrexia: no. Meconium: no. Labor induced: yes. Presentation: cephalic. CTG: 6 early decelerations, 0 variable decelerations, 0 late decelerations, 0 prolonged decelerations, 2 accelerations, 21 uterine contractions.",Vaginal
1477,"Gestational age 40 weeks. Maternal age 27, gravida 1, parity 0. Diabetes: no. Hypertension: no. Preeclampsia: no. Premature rupture of membranes: no. Pyrexia: no. Meconium: no. Labor induced: yes. Presentation: breech. CTG: 0 early decelerations, 10 variable decelerations, 0 late decelerations, 0 prolonged decelerations, 0 accelerations, 0 uterine contractions.",Vaginal
1478,"Gestational age 39 weeks. Maternal age 28, gravida 1, parity 0. Diabetes: no. Hypertension: no. Preeclampsia: no. Premature rupture of membranes: no. Pyrexia: no. Meconium: no. Labor induced: yes. Presentation: breech. CTG: 7 early decelerations, 7 variable decelerations, 0 late decelerations, 0 prolonged decelerations, 2 accelerations, 10 uterine contractions.",Vaginal
1479,"Gestational age 41 weeks. Maternal age 32, gravida 1, parity 0. Diabetes: yes. Hypertension: no. Preeclampsia: no. Premature rupture of membranes: no. Pyrexia: no. Meconium: yes. Labor induced: yes. Presentation: breech. CTG: 5 early decelerations, 3 variable decelerations, 1 late decelerations, 0 prolonged decelerations, 0 accelerations, 15 uterine contractions.",Vaginal
1480,"Gestational age 40 weeks. Maternal age 29, gravida 1, parity 0. Diabetes: no. Hypertension: no. Preeclampsia: no. Premature rupture of membranes: yes. Pyrexia: no. Meconium: yes. Labor induced: no. Presentation: cephalic. CTG: 0 early decelerations, 0 variable decelerations, 0 late decelerations, 0 prolonged decelerations, 12 accelerations, 18 uterine contractions.",Vaginal
1481,"Gestational age 40 weeks. Maternal age 25, gravida 1, parity 0. Diabetes: no. Hypertension: no. Preeclampsia: no. Premature rupture of membranes: no. Pyrexia: no. Meconium: no. Labor induced: no. Presentation: other. CTG: 0 early decelerations, 2 variable decelerations, 0 late decelerations, 0 prolonged decelerations, 0 accelerations, 3 uterine contractions.",Vaginal
1482,"Gestational age 38 weeks. Maternal age 26, gravida 1, parity 0. Diabetes: yes. Hypertension: no. Preeclampsia: no. Premature rupture of membranes: no. Pyrexia: no. Meconium: no. Labor induced: yes. Presentation: breech. CTG: 2 early decelerations, 7 variable decelerations, 0 late decelerations, 0 prolonged decelerations, 0 accelerations, 9 uterine contractions.",Vaginal
1483,"Gestational age 40 weeks. Maternal age 28, gravida 1, parity 0. Diabetes: no. Hypertension: no. Preeclampsia: no. Premature rupture of membranes: no. Pyrexia: no. Meconium: no. Labor induced: yes. Presentation: cephalic. CTG: 2 early decelerations, 1 variable decelerations, 0 late decelerations, 0 prolonged decelerations, 8 accelerations, 24 uterine contractions.",Vaginal
1484,"Gestational age 40 weeks. Maternal age 29, gravida 1, parity 0. Diabetes: yes. Hypertension: no. Preeclampsia: no. Premature rupture of membranes: no. Pyrexia: no. Meconium: no. Labor induced: yes. Presentation: breech. CTG: 2 early decelerations, 0 variable decelerations, 0 late decelerations, 0 prolonged decelerations, 4 accelerations, 19 uterine contractions.",Vaginal
1485,"Gestational age 42 weeks. Maternal age 28, gravida 1, parity 0. Diabetes: no. Hypertension: no. Preeclampsia: no. Premature rupture of membranes: no. Pyrexia: no. Meconium: no. Labor induced: no. Presentation: breech. CTG: 14 early decelerations, 1 variable decelerations, 0 late decelerations, 0 prolonged decelerations, 0 accelerations, 18 uterine contractions.",Vaginal
1486,"Gestational age 41 weeks. Maternal age 37, gravida 1, parity 1. Diabetes: no. Hypertension: no. Preeclampsia: no. Premature rupture of membranes: no. Pyrexia: no. Meconium: yes. Labor induced: yes. Presentation: breech. CTG: 14 early decelerations, 4 variable decelerations, 1 late decelerations, 0 prolonged decelerations, 6 accelerations, 22 uterine contractions.",Vaginal
1487,"Gestational age 41 weeks. Maternal age 24, gravida 1, parity 0. Diabetes: no. Hypertension: no. Preeclampsia: no. Premature rupture of membranes: no. Pyrexia: no. Meconium: no. Labor induced: no. Presentation: breech. CTG: 9 early decelerations, 0 variable decelerations, 0 late decelerations, 0 prolonged decelerations, 3 accelerations, 27 uterine contractions.",Vaginal
1488,"Gestational age 41 weeks. Maternal age 27, gravida 1, parity 0. Diabetes: no. Hypertension: no. Preeclampsia: no. Premature rupture of membranes: no. Pyrexia: no. Meconium: no. Labor induced: yes. Presentation: breech. CTG: 5 early decelerations, 0 variable decelerations, 0 late decelerations, 0 prolonged decelerations, 3 accelerations, 22 uterine contractions.",Vaginal
1489,"Gestational age 38 weeks. Maternal age 29, gravida 1, parity 0. Diabetes: yes. Hypertension: no. Preeclampsia: no. Premature rupture of membranes: no. Pyrexia: no. Meconium: no. Labor induced: yes. Presentation: breech. CTG: 0 early decelerations, 1 variable decelerations, 0 late decelerations, 0 prolonged decelerations, 5 accelerations, 36 uterine contractions.",Vaginal
1490,"Gestational age 40 weeks. Maternal age 31, gravida 1, parity 0. Diabetes: no. Hypertension: yes. Preeclampsia: no. Premature rupture of membranes: no. Pyrexia: no. Meconium: no. Labor induced: yes. Presentation: other. CTG: 7 early decelerations, 1 variable decelerations, 0 late decelerations, 0 prolonged decelerations, 0 accelerations, 23 uterine contractions.",Vaginal
1491,"Gestational age 41 weeks. Maternal age 28, gravida 1, parity 0. Diabetes: no. Hypertension: no. Preeclampsia: no. Premature rupture of membranes: no. Pyrexia: no. Meconium: yes. Labor induced: yes. Presentation: breech. CTG: 0 early decelerations, 2 variable decelerations, 0 late decelerations, 0 prolonged decelerations, 0 accelerations, 21 uterine contractions.",Vaginal
1492,"Gestational age 40 weeks. Maternal age 25, gravida 1, parity 0. Diabetes: no. Hypertension: no. Preeclampsia: no. Premature rupture of membranes: no. Pyrexia: no. Meconium: no. Labor induced: no. Presentation: breech. CTG: 0 early decelerations, 0 variable decelerations, 1 late decelerations, 0 prolonged decelerations, 2 accelerations, 4 uterine contractions.",Vaginal
1493,"Gestational age 41 weeks. Maternal age 25, gravida 1, parity 0. Diabetes: no. Hypertension: no. Preeclampsia: no. Premature rupture of membranes: no. Pyrexia: no. Meconium: no. Labor induced: yes. Presentation: breech. CTG: 0 early decelerations, 0 variable decelerations, 0 late decelerations, 0 prolonged decelerations, 0 accelerations, 0 uterine contractions.",Vaginal
1494,"Gestational age 41 weeks. Maternal age 28, gravida 1, parity 0. Diabetes: no. Hypertension: no. Preeclampsia: no. Premature rupture of membranes: no. Pyrexia: no. Meconium: no. Labor induced: yes. Presentation: breech. CTG: 4 early decelerations, 6 variable decelerations, 0 late decelerations, 0 prolonged decelerations, 4 accelerations, 22 uterine contractions.",Vaginal
1495,"Gestational age 37 weeks. Maternal age 25, gravida 2, parity 0. Diabetes: no. Hypertension: no. Preeclampsia: no. Premature rupture of membranes: yes. Pyrexia: no. Meconium: no. Labor induced: no. Presentation: breech. CTG: 3 early decelerations, 2 variable decelerations, 0 late decelerations, 0 prolonged decelerations, 0 accelerations, 9 uterine contractions.",Vaginal
1496,"Gestational age 38 weeks. Maternal age 28, gravida 1, parity 0. Diabetes: no. Hypertension: no. Preeclampsia: no. Premature rupture of membranes: no. Pyrexia: no. Meconium: no. Labor induced: no. Presentation: breech. CTG: 0 early decelerations, 0 variable decelerations, 0 late decelerations, 0 prolonged decelerations, 0 accelerations, 14 uterine contractions.",Vaginal
1497,"Gestational age 41 weeks. Maternal age 30, gravida 1, parity 1. Diabetes: no. Hypertension: no. Preeclampsia: no. Premature rupture of membranes: no. Pyrexia: no. Meconium: no. Labor induced: no. Presentation: breech. CTG: 4 early decelerations, 0 variable decelerations, 0 late decelerations, 0 prolonged decelerations, 0 accelerations, 10 uterine contractions.",Vaginal
1498,"Gestational age 40 weeks. Maternal age 31, gravida 1, parity 1. Diabetes: no. Hypertension: no. Preeclampsia: no. Premature rupture of membranes: no. Pyrexia: no. Meconium: no. Labor induced: no. Presentation: breech. CTG: 0 early decelerations, 0 variable decelerations, 0 late decelerations, 0 prolonged decelerations, 0 accelerations, 18 uterine contractions.",Vaginal
1499,"Gestational age 39 weeks. Maternal age 32, gravida 2, parity 0. Diabetes: no. Hypertension: no. Preeclampsia: no. Premature rupture of membranes: no. Pyrexia: no. Meconium: no. Labor induced: no. Presentation: breech. CTG: 3 early decelerations, 6 variable decelerations, 0 late decelerations, 0 prolonged decelerations, 3 accelerations, 9 uterine contractions.",Vaginal
1500,"Gestational age 40 weeks. Maternal age 23, gravida 1, parity 0. Diabetes: no. Hypertension: no. Preeclampsia: no. Premature rupture of membranes: no. Pyrexia: no. Meconium: no. Labor induced: no. Presentation: breech. CTG: 8 early decelerations, 0 variable decelerations, 0 late decelerations, 0 prolonged decelerations, 0 accelerations, 18 uterine contractions.",Vaginal
1501,"Gestational age 40 weeks. Maternal age 31, gravida 1, parity 1. Diabetes: no. Hypertension: no. Preeclampsia: no. Premature rupture of membranes: no. Pyrexia: no. Meconium: no. Labor induced: yes. Presentation: breech. CTG: 0 early decelerations, 0 variable decelerations, 0 late decelerations, 0 prolonged decelerations, 0 accelerations, 22 uterine contractions.",Vaginal
1502,"Gestational age 41 weeks. Maternal age 29, gravida 1, parity 0. Diabetes: no. Hypertension: no. Preeclampsia: no. Premature rupture of membranes: no. Pyrexia: no. Meconium: no. Labor induced: yes. Presentation: breech. CTG: 2 early decelerations, 1 variable decelerations, 0 late decelerations, 0 prolonged decelerations, 0 accelerations, 17 uterine contractions.",Vaginal
1503,"Gestational age 40 weeks. Maternal age 24, gravida 1, parity 0. Diabetes: no. Hypertension: no. Preeclampsia: no. Premature rupture of membranes: no. Pyrexia: no. Meconium: no. Labor induced: yes. Presentation: breech. CTG: 0 early decelerations, 1 variable decelerations, 0 late decelerations, 0 prolonged decelerations, 2 accelerations, 8 uterine contractions.",Vaginal
1504,"Gestational age 40 weeks. Maternal age 27, gravida 1, parity 0. Diabetes: no. Hypertension: no. Preeclampsia: no. Premature rupture of membranes: yes. Pyrexia: no. Meconium: no. Labor induced: no. Presentation: breech. CTG: 0 early decelerations, 0 variable decelerations, 0 late decelerations, 0 prolonged decelerations, 0 accelerations, 20 uterine contractions.",Vaginal
1505,"Gestational age 40 weeks. Maternal age 30, gravida 1, parity 0. Diabetes: no. Hypertension: no. Preeclampsia: no. Premature rupture of membranes: yes. Pyrexia: no. Meconium: no. Labor induced: no. Presentation: breech. CTG: 3 early decelerations, 1 variable decelerations, 0 late decelerations, 0 prolonged decelerations, 2 accelerations, 8 uterine contractions.",Vaginal
1506,"Gestational age 41 weeks. Maternal age 27, gravida 1, parity 0. Diabetes: no. Hypertension: no. Preeclampsia: no. Premature rupture of membranes: no. Pyrexia: no. Meconium: no. Labor induced: no. Presentation: breech. CTG: 4 early decelerations, 1 variable decelerations, 0 late decelerations, 0 prolonged decelerations, 0 accelerations, 26 uterine contractions.",Vaginal
2001,"Gestational age 38 weeks. Maternal age 30, gravida 1, parity 0. Diabetes: yes. Hypertension: no. Preeclampsia: no. Premature rupture of membranes: no. Pyrexia: no. Meconium: no. Labor induced: yes. Presentation: breech. CTG: 1 early decelerations, 4 variable decelerations, 2 late decelerations, 0 prolonged decelerations, 0 accelerations, 8 uterine contractions.",Cesarean
2002,"Gestational age 39 weeks. Maternal age 39, gravida 2, parity 2. Diabetes: no. Hypertension: no. Preeclampsia: no. Premature rupture of membranes: no. Pyrexia: no. Meconium: no. Labor induced: yes. Presentation: breech. CTG: 0 early decelerations, 1 variable decelerations, 1 late decelerations, 0 prolonged decelerations, 0 accelerations, 13 uterine contractions.",Cesarean
2003,"Gestational age 41 weeks. Maternal age 25, gravida 1, parity 0. Diabetes: no. Hypertension: no. Preeclampsia: no. Premature rupture of membranes: no. Pyrexia: no. Meconium: no. Labor induced: no. Presentation: breech. CTG: 0 early decelerations, 0 variable decelerations, 0 late decelerations, 0 prolonged decelerations, 0 accelerations, 0 uterine contractions.",Cesarean
2004,"Gestational age 41 weeks. Maternal age 34, gravida 1, parity 0. Diabetes: no. Hypertension: no. Preeclampsia: no. Premature rupture of membranes: no. Pyrexia: no. Meconium: no. Labor induced: no. Presentation: breech. CTG: 0 early decelerations, 3 variable decelerations, 0 late decelerations, 0 prolonged decelerations, 1 accelerations, 9 uterine contractions.",Cesarean
2005,"Gestational age 39 weeks. Maternal age 31, gravida 5, parity 1. Diabetes: no. Hypertension: no. Preeclampsia: no. Premature rupture of membranes: no. Pyrexia: no. Meconium: no. Labor induced: yes. Presentation: breech. CTG: 3 early decelerations, 0 variable decelerations, 3 late decelerations, 0 prolonged decelerations, 0 accelerations, 15 uterine contractions.",Cesarean
2006,"Gestational age 41 weeks. Maternal age 32, gravida 3, parity 1. Diabetes: no. Hypertension: no. Preeclampsia: no. Premature rupture of membranes: no. Pyrexia: no. Meconium: no. Labor induced: no. Presentation: breech. CTG: 0 early decelerations, 0 variable decelerations, 0 late decelerations, 0 prolonged decelerations, 0 accelerations, 11 uterine contractions.",Cesarean
2007,"Gestational age 40 weeks. Maternal age 27, gravida 1, parity 0. Diabetes: no. Hypertension: no. Preeclampsia: no. Premature rupture of membranes: no. Pyrexia: no. Meconium: no. Labor induced: no. Presentation: breech. CTG: 1 early decelerations, 0 variable decelerations, 0 late decelerations, 0 prolonged decelerations, 0 accelerations, 13 uterine contractions.",Cesarean
2008,"Gestational age 40 weeks. Maternal age 26, gravida 1, parity 0. Diabetes: no. Hypertension: no. Preeclampsia: no. Premature rupture of membranes: no. Pyrexia: no. Meconium: yes. Labor induced: no. Presentation: breech. CTG: 0 early decelerations, 0 variable decelerations, 0 late decelerations, 2 prolonged decelerations, 0 accelerations, 5 uterine contractions.",Cesarean
2009,"Gestational age 40 weeks. Maternal age 21, gravida 1, parity 0. Diabetes: no. Hypertension: no. Preeclampsia: no. Premature rupture of membranes: no. Pyrexia: no. Meconium: no. Labor induced: yes. Presentation: breech. CTG: 0 early decelerations, 12 variable decelerations, 0 late decelerations, 0 prolonged decelerations, 0 accelerations, 0 uterine contractions.",Cesarean
2010,"Gestational age 38 weeks. Maternal age 19, gravida 2, parity 0. Diabetes: no. Hypertension: no. Preeclampsia: no. Premature rupture of membranes: no. Pyrexia: no. Meconium: yes. Labor induced: no. Presentation: breech. CTG: 11 early decelerations, 3 variable decelerations, 0 late decelerations, 0 prolonged decelerations, 0 accelerations, 14 uterine contractions.",Cesarean
2011,"Gestational age 40 weeks. Maternal age 37, gravida 2, parity 0. Diabetes: no. Hypertension: no. Preeclampsia: no. Premature rupture of membranes: no. Pyrexia: no. Meconium: no. Labor induced: no. Presentation: other. CTG: 2 early decelerations, 0 variable decelerations, 0 late decelerations, 0 prolonged decelerations, 0 accelerations, 21 uterine contractions.",Cesarean
2012,"Gestational age 40 weeks. Maternal age 26, gravida 1, parity 0. Diabetes: no. Hypertension: no. Preeclampsia: no. Premature rupture of membranes: no. Pyrexia: yes. Meconium: no. Labor induced: no. Presentation: breech. CTG: 0 early decelerations, 2 variable decelerations, 0 late decelerations, 0 prolonged decelerations, 2 accelerations, 6 uterine contractions.",Cesarean
2013,"Gestational age 39 weeks. Maternal age 27, gravida 1, parity 0. Diabetes: no. Hypertension: yes. Preeclampsia: no. Premature rupture of membranes: no. Pyrexia: no. Meconium: no. Labor induced: yes. Presentation: breech. CTG: 0 early decelerations, 0 variable decelerations, 0 late decelerations, 0 prolonged decelerations, 0 accelerations, 4 uterine contractions.",Cesarean
2014,"Gestational age 40 weeks. Maternal age 34, gravida 3, parity 2. Diabetes: no. Hypertension: no. Preeclampsia: no. Premature rupture of membranes: no. Pyrexia: no. Meconium: no. Labor induced: no. Presentation: other. CTG: 4 early decelerations, 1 variable decelerations, 0 late decelerations, 0 prolonged decelerations, 0 accelerations, 11 uterine contractions.",Cesarean
2015,"Gestational age 41 weeks. Maternal age 29, gravida 1, parity 0. Diabetes: no. Hypertension: no. Preeclampsia: no. Premature rupture of membranes: no. Pyrexia: no. Meconium: no. Labor induced: yes. Presentation: breech. CTG: 0 early decelerations, 0 variable decelerations, 0 late decelerations, 0 prolonged decelerations, 0 accelerations, 0 uterine contractions.",Cesarean
2016,"Gestational age 41 weeks. Maternal age 38, gravida 1, parity 1. Diabetes: no. Hypertension: no. Preeclampsia: no. Premature rupture of membranes: no. Pyrexia: no. Meconium: no. Labor induced: no. Presentation: breech. CTG: 0 early decelerations, 0 variable decelerations, 0 late decelerations, 0 prolonged decelerations, 0 accelerations, 11 uterine contractions.",Cesarean
2017,"Gestational age 41 weeks. Maternal age 34, gravida 1, parity 1. Diabetes: no. Hypertension: no. Preeclampsia: no. Premature rupture of membranes: no. Pyrexia: no. Meconium: no. Labor induced: yes. Presentation: other. CTG: 1 early decelerations, 4 variable decelerations, 0 late decelerations, 0 prolonged decelerations, 0 accelerations, 9 uterine contractions.",Cesarean
2018,"Gestational age 40 weeks. Maternal age 30, gravida 1, parity 0. Diabetes: yes. Hypertension: no. Preeclampsia: no. Premature rupture of membranes: no. Pyrexia: no. Meconium: no. Labor induced: yes. Presentation: breech. CTG: 1 early decelerations, 8 variable decelerations, 0 late decelerations, 0 prolonged decelerations, 2 accelerations, 5 uterine contractions.",Cesarean
2019,"Gestational age 40 weeks. Maternal age 31, gravida 1, parity 0. Diabetes: no. Hypertension: no. Preeclampsia: no. Premature rupture of membranes: no. Pyrexia: no. Meconium: no. Labor induced: yes. Presentation: breech. CTG: 3 early decelerations, 8 variable decelerations, 3 late decelerations, 0 prolonged decelerations, 0 accelerations, 8 uterine contractions.",Cesarean
2020,"Gestational age 40 weeks. Maternal age 28, gravida 1, parity 0. Diabetes: no. Hypertension: no. Preeclampsia: no. Premature rupture of membranes: no. Pyrexia: no. Meconium: no. Labor induced: no. Presentation: cephalic. CTG: 16 early decelerations, 0 variable decelerations, 0 late decelerations, 0 prolonged decelerations, 0 accelerations, 3 uterine contractions.",Cesarean
2021,"Gestational age 40 weeks. Maternal age 28, gravida 2, parity 1. Diabetes: no. Hypertension: no. Preeclampsia: no. Premature rupture of membranes: no. Pyrexia: no. Meconium: no. Labor induced: no. Presentation: breech. CTG: 1 early decelerations, 0 variable decelerations, 0 late decelerations, 0 prolonged decelerations, 0 accelerations, 26 uterine contractions.",Cesarean
2022,"Gestational age 41 weeks. Maternal age 31, gravida 2, parity 0. Diabetes: no. Hypertension: yes. Preeclampsia: no. Premature rupture of membranes: no. Pyrexia: no. Meconium: yes. Labor induced: no. Presentation: breech. CTG: 3 early decelerations, 0 variable decelerations, 0 late decelerations, 0 prolonged decelerations, 4 accelerations, 10 uterine contractions.",Cesarean
2023,"Gestational age 38 weeks. Maternal age 28, gravida 1, parity 0. Diabetes: no. Hypertension: no. Preeclampsia: no. Premature rupture of membranes: no. Pyrexia: no. Meconium: no. Labor induced: no. Presentation: breech. CTG: 0 early decelerations, 2 variable decelerations, 0 late decelerations, 0 prolonged decelerations, 0 accelerations, 0 uterine contractions.",Cesarean
2024,"Gestational age 41 weeks. Maternal age 39, gravida 1, parity 0. Diabetes: no. Hypertension: no. Preeclampsia: no. Premature rupture of membranes: no. Pyrexia: no. Meconium: no. Labor induced: no. Presentation: breech. CTG: 2 early decelerations, 1 variable decelerations, 6 late decelerations, 0 prolonged decelerations, 0 accelerations, 14 uterine contractions.",Cesarean
2025,"Gestational age 42 weeks. Maternal age 29, gravida 1, parity 0. Diabetes: no. Hypertension: no. Preeclampsia: no. Premature rupture of membranes: no. Pyrexia: no. Meconium: no. Labor induced: no. Presentation: breech. CTG: 0 early decelerations, 0 variable decelerations, 0 late decelerations, 0 prolonged decelerations, 2 accelerations, 19 uterine contractions.",Cesarean
2026,"Gestational age 42 weeks. Maternal age 32, gravida 1, parity 1. Diabetes: no. Hypertension: no. Preeclampsia: no. Premature rupture of membranes: yes. Pyrexia: no. Meconium: no. Labor induced: no. Presentation: other. CTG: 7 early decelerations, 0 variable decelerations, 0 late decelerations, 0 prolonged decelerations, 0 accelerations, 15 uterine contractions.",Cesarean
2027,"Gestational age 41 weeks. Maternal age 26, gravida 1, parity 0. Diabetes: no. Hypertension: no. Preeclampsia: no. Premature rupture of membranes: no. Pyrexia: no. Meconium: no. Labor induced: no. Presentation: breech. CTG: 0 early decelerations, 1 variable decelerations, 0 late decelerations, 0 prolonged decelerations, 0 accelerations, 7 uterine contractions.",Cesarean
2028,"Gestational age 41 weeks. Maternal age 36, gravida 1, parity 0. Diabetes: no. Hypertension: no. Preeclampsia: no. Premature rupture of membranes: no. Pyrexia: no. Meconium: yes. Labor induced: yes. Presentation: breech. CTG: 5 early decelerations, 6 variable decelerations, 2 late decelerations, 0 prolonged decelerations, 0 accelerations, 8 uterine contractions.",Cesarean
2029,"Gestational age 41 weeks. Maternal age 34, gravida 1, parity 0. Diabetes: no. Hypertension: no. Preeclampsia: no. Premature rupture of membranes: no. Pyrexia: no. Meconium: no. Labor induced: no. Presentation: breech. CTG: 6 early decelerations, 1 variable decelerations, 1 late decelerations, 0 prolonged decelerations, 0 accelerations, 23 uterine contractions.",Cesarean
2030,"Gestational age 40 weeks. Maternal age 42, gravida 1, parity 0. Diabetes: yes. Hypertension: no. Preeclampsia: no. Premature rupture of membranes: no. Pyrexia: no. Meconium: no. Labor induced: no. Presentation: breech. CTG: 0 early decelerations, 0 variable decelerations, 0 late decelerations, 0 prolonged decelerations, 1 accelerations, 5 uterine contractions.",Cesarean
2031,"Gestational age 39 weeks. Maternal age 26, gravida 1, parity 1. Diabetes: no. Hypertension: no. Preeclampsia: no. Premature rupture of membranes: no. Pyrexia: no. Meconium: no. Labor induced: no. Presentation: breech. CTG: 9 early decelerations, 1 variable decelerations, 0 late decelerations, 0 prolonged decelerations, 0 accelerations, 21 uterine contractions.",Cesarean
2032,"Gestational age 41 weeks. Maternal age 35, gravida 1, parity 0. Diabetes: no. Hypertension: no. Preeclampsia: no. Premature rupture of membranes: no. Pyrexia: no. Meconium: no. Labor induced: no. Presentation: other. CTG: 2 early decelerations, 1 variable decelerations, 0 late decelerations, 0 prolonged decelerations, 0 accelerations, 6 uterine contractions.",Cesarean
2033,"Gestational age 40 weeks. Maternal age 26, gravida 1, parity 0. Diabetes: no. Hypertension: no. Preeclampsia: no. Premature rupture of membranes: no. Pyrexia: no. Meconium: no. Labor induced: no. Presentation: breech. CTG: 0 early decelerations, 2 variable decelerations, 0 late decelerations, 0 prolonged decelerations, 5 accelerations, 8 uterine contractions.",Cesarean
2034,"Gestational age 40 weeks. Maternal age 34, gravida 1, parity 0. Diabetes: no. Hypertension: no. Preeclampsia: no. Premature rupture of membranes: no. Pyrexia: no. Meconium: no. Labor induced: no. Presentation: breech. CTG: 9 early decelerations, 1 variable decelerations, 1 late decelerations, 0 prolonged decelerations, 0 accelerations, 14 uterine contractions.",Cesarean
2035,"Gestational age 40 weeks. Maternal age 27, gravida 1, parity 0. Diabetes: no. Hypertension: no. Preeclampsia: no. Premature rupture of membranes: no. Pyrexia: no. Meconium: no. Labor induced: no. Presentation: breech. CTG: 2 early decelerations, 1 variable decelerations, 0 late decelerations, 1 prolonged decelerations, 0 accelerations, 7 uterine contractions.",Cesarean
2036,"Gestational age 40 weeks. Maternal age 34, gravida 1, parity 0. Diabetes: no. Hypertension: no. Preeclampsia: no. Premature rupture of membranes: yes. Pyrexia: no. Meconium: no. Labor induced: no. Presentation: breech. CTG: 3 early decelerations, 0 variable decelerations, 0 late decelerations, 0 prolonged decelerations, 0 accelerations, 16 uterine contractions.",Cesarean
2037,"Gestational age 41 weeks. Maternal age 29, gravida 1, parity 0. Diabetes: yes. Hypertension: no. Preeclampsia: no. Premature rupture of membranes: yes. Pyrexia: no. Meconium: yes. Labor induced: no. Presentation: breech. CTG: 3 early decelerations, 3 variable decelerations, 0 late decelerations, 0 prolonged decelerations, 3 accelerations, 9 uterine contractions.",Cesarean
2038,"Gestational age 40 weeks. Maternal age 27, gravida 1, parity 0. Diabetes: no. Hypertension: no. Preeclampsia: no. Premature rupture of membranes: no. Pyrexia: no. Meconium: yes. Labor induced: no. Presentation: breech. CTG: 0 early decelerations, 0 variable decelerations, 4 late decelerations, 0 prolonged decelerations, 0 accelerations, 18 uterine contractions.",Cesarean
2039,"Gestational age 39 weeks. Maternal age 29, gravida 1, parity 0. Diabetes: no. Hypertension: no. Preeclampsia: no. Premature rupture of membranes: no. Pyrexia: no. Meconium: no. Labor induced: yes. Presentation: breech. CTG: 7 early decelerations, 0 variable decelerations, 2 late decelerations, 0 prolonged decelerations, 2 accelerations, 15 uterine contractions.",Cesarean
2040,"Gestational age 41 weeks. Maternal age 23, gravida 1, parity 0. Diabetes: no. Hypertension: no. Preeclampsia: no. Premature rupture of membranes: yes. Pyrexia: no. Meconium: no. Labor induced: yes. Presentation: other. CTG: 0 early decelerations, 2 variable decelerations, 0 late decelerations, 0 prolonged decelerations, 1 accelerations, 0 uterine contractions.",Cesarean
2041,"Gestational age 41 weeks. Maternal age 32, gravida 1, parity 0. Diabetes: no. Hypertension: no. Preeclampsia: no. Premature rupture of membranes: no. Pyrexia: no. Meconium: no. Labor induced: no. Presentation: breech. CTG: 1 early decelerations, 0 variable decelerations, 0 late decelerations, 0 prolonged decelerations, 0 accelerations, 20 uterine contractions.",Cesarean
2042,"Gestational age 39 weeks. Maternal age 27, gravida 1, parity 0. Diabetes: no. Hypertension: no. Preeclampsia: yes. Premature rupture of membranes: no. Pyrexia: no. Meconium: no. Labor induced: no. Presentation: other. CTG: 0 early decelerations, 0 variable decelerations, 0 late decelerations, 0 prolonged decelerations, 0 accelerations, 3 uterine contractions.",Cesarean
2043,"Gestational age 41 weeks. Maternal age 26, gravida 1, parity 0. Diabetes: no. Hypertension: no. Preeclampsia: no. Premature rupture of membranes: no. Pyrexia: no. Meconium: no. Labor induced: no. Presentation: breech. CTG: 1 early decelerations, 0 variable decelerations, 0 late decelerations, 0 prolonged decelerations, 0 accelerations, 20 uterine contractions.",Cesarean
2044,"Gestational age 42 weeks. Maternal age 27, gravida 1, parity 0. Diabetes: no. Hypertension: no. Preeclampsia: no. Premature rupture of membranes: no. Pyrexia: no. Meconium: no. Labor induced: yes. Presentation: other. CTG: 1 early decelerations, 0 variable decelerations, 0 late decelerations, 0 prolonged decelerations, 1 accelerations, 3 uterine contractions.",Cesarean
2045,"Gestational age 39 weeks. Maternal age 32, gravida 1, parity 0. Diabetes: no. Hypertension: no. Preeclampsia: no. Premature rupture of membranes: no. Pyrexia: no. Meconium: yes. Labor induced: no. Presentation: breech. CTG: 1 early decelerations, 1 variable decelerations, 0 late decelerations, 0 prolonged decelerations, 3 accelerations, 10 uterine contractions.",Cesarean
2046,"Gestational age 39 weeks. Maternal age 19, gravida 1, parity 1. Diabetes: no. Hypertension: no. Preeclampsia: no. Premature rupture of membranes: yes. Pyrexia: no. Meconium: no. Labor induced: no. Presentation: breech. CTG: 7 early decelerations, 0 variable decelerations, 0 late decelerations, 0 prolonged decelerations, 0 accelerations, 0 uterine contractions.",Cesarean
